source,external_id,title,company,description,salary_text,salary_min,salary_max,salary_currency,salary_period,publication_date,update_date,province,municipality,island,raw_location,contract_type,workday,schedule,vacancies,source_url,scraped_at
turijobs,323864,Historic Apartments Manager,Rosillo Management,"We are looking for a Full Time Property Manager at our city central property. As our Property Manager you will ensure the outstanding quality and delivery of service across the property. You will demonstrate a thorough knowledge and ability to drive productivity, turnover and outstanding customer service. · Staff Supervision: Responsible for supervising maintenance and housekeeping staff and ensuring each department is operating effectively. This includes reviewing work schedules, evaluating staff performance and managing any issues that may arise. · Customer Service: This includes handling guest complaints or concerns, ensuring they feel comfortable during their stay. · Compliance with rules and laws: It is responsible for ensuring that the apartments comply with all safety, cleaning and maintenance measures of the facilities. · Maintenance and housekeeping: Responsible for supervising the housekeeping & maintenance team ensuring that the rooms and facilities are clean and ready to be occupied as well as the common areas. Also responsible for the inventories of the apartment kitchens (must be carried out daily). · Administration: In addition to all the previous responsibilities, he/she is also responsible for conducting job interviews when new members need to be incorporated, dealing with suppliers or taking care of all the staff training. Make purchases in person that are needed for the establishment. Carry out and supervise inventories and reports of personnel and the hours worked by them on a monthly basis. · Meetings: Every week you will meet with the property owner to review all the issues that have arisen to make decisions on how to solve them. · Operations: Responsible for having the company telephone operational 24 hours a day and being within a 25-minute radius of the apartments 5 days a week. Manage the check-in of each client remotely or in person and solve any problem that may occur during their stay. Part of the jobs hours can be done remotely, but it does imply availability 24 hours a day to solve problems.",,,,,,2026-03-17T00:00:00,,Santa Cruz de Tenerife,Santa Cruz de Tenerife,,Santa Cruz de Tenerife / Santa Cruz de Tenerife,Indefinido,Jornada completa,,,https://www.turijobs.com/es-es/oferta-trabajo/santa-cruz-de-tenerife/historic-apartments-manager/323864,2026-04-09T12:15:25.268177+00:00
turijobs,321863,HOSTESS PARA HOTEL EN LA ISLA DE LA PALMA,Enjoy Animación,"Se buscan Hostess para Hotel en La Palma ¿Quieres trabajar en un entorno único y rodeado de naturaleza? En Grupo Joy estamos seleccionando Hostess para incorporación inmediata en un prestigioso hotel de la isla de La Palma. Ofrecemos: Alojamiento y manutención incluidos 2 días libres semanales para disfrutar de la isla Ambiente profesional y agradable Requisitos: Actitud positiva y buena presencia Ganas de trabajar en equipo y brindar un excelente trato al cliente ¡No dejes pasar la oportunidad de vivir y trabajar en un lugar espectacular! Tipo de puesto: Jornada completa, Contrato indefinido Ubicación del trabajo: Empleo presencial",1420 - 1424 MONTH,1420,1424,EUR,MONTH,2026-02-28T00:00:00,,Santa Cruz de Tenerife,Fuencaliente de la Palma,,Fuencaliente de la Palma / Santa Cruz de Tenerife,Indefinido,Jornada completa,,,https://www.turijobs.com/es-es/oferta-trabajo/santa-cruz-de-tenerife/hostess-para-hotel-en-la-isla-de-la-palma/321863,2026-04-09T12:14:58.494954+00:00
turijobs,321864,"Animador turístico - Playa Blanca, Lanzarote",Enjoy Animación,"En Enjoy Animación ¡seleccionamos ANIMADOR/A ÚNICO/A para hotel en Playa Blanca (Lanzarote)! 🏖️ Buscamos una persona divertida, dinámica y polivalente, capaz de animar tanto a niños como adultos, ¡y llenar de energía cada día del hotel! 💃🕺 Experiencia mínima de un año y hablar correctamente ingles.",1424.5 - 1424.5 MONTH,1424.5,1424.5,EUR,MONTH,2026-02-28T00:00:00,,Las Palmas,Playa Blanca,,Playa Blanca / Las Palmas,Indefinido,Jornada completa,,,https://www.turijobs.com/es-es/oferta-trabajo/las-palmas/animador-turistico-playa-blanca-lanzarote/321864,2026-04-09T12:15:02.020541+00:00
turijobs,321781,Gobernanta Area Privilege H10 Rubicón Horizons Collection,H10 Hotels,"H10 Hotels precisa incorporar a Gobernanta para el Area VIP Privilege y 2º Gobernanta General para trabajar en nuestro hotel de 5* H10 Rubicón Palace, en Lanzarote. Las funciones serán las propias de la gobernanta general a aplicar en el Area Privilege: * Realizar de manera cualificada la dirección, control y seguimiento del conjunto de tareas que componen el servicio de pisos, áreas públicas, áreas internas, lavandería y lencería, controlando y supervisando los servicios de lavandería, planchado y costura; así mismo es responsable de la organización del personal a su cargo. * Organizar, dirigir y coordinar el personal a su cargo. * Formar a su equipo * Dirigir y planificar el conjunto de actividades de su área. * Dirigir, supervisar y controlar las compras y existencias de ropa blanca, productos de mantenimiento y limpieza. * Encargarse del control e inventario de mobiliario, enseres y materiales de las habitaciones y organización del trabajo de servicio de pisos, áreas públicas, internas y lavandería. * Elaborar las estadísticas e informes de su área a la dirección del hotel y otros departamentos, así como la dirección del personal. * Inspección de habitaciones, áreas públicas y áreas de servicio y asegurarse del buen estado de las mismas. * Asignación de trabajos (tareas) a camareras/os de pisos. * Supervisar el plan de aseos profundos. * Llevar control y entrega de objetos perdidos. * Mantener motivado al personal y dar reconocimiento verbal y por escrito. * Cumplir con los estándares de calidad y servicio del hotel y del departamento, así como cumplir con el reglamento interior de trabajo establecido en la organización. * Sustituirá a la Gobernanta General en las tareas propias de la misma.",,,,,YEAR,2026-02-27T00:00:00,,Las Palmas,Yaiza,,Yaiza / Las Palmas,Indefinido,,,,https://www.turijobs.com/es-es/oferta-trabajo/las-palmas/gobernanta-area-privilege-h10-rubicon-horizons-collection/321781,2026-04-09T12:14:51.291946+00:00
turijobs,321788,Asistente/a Jefe/a de Alimentos y Bebidas - Tivoli La Caleta Tenerife Resort,Minor Hotels Europe & Americas,"Como Asistente de Restauración , apoyará al Responsable de Restauración en la dirección del equipo de Restauración en todos los aspectos, desde la planificación y organización del negocio hasta las operaciones y la administración. ¿Qué tendrás que hacer? Responsable de lograr la satisfacción de los clientes y los más estrictos estándares de marca y calidad. Aportar creatividad y variedad a nuestra oferta de gastronomía y bebidas. Gestionar los aspectos financieros del departamento para alcanzar los ingresos, beneficios y costes de alimentos y bebidas presupuestados, manteniendo al mismo tiempo la calidad de la gastronomía y bebidas. Mantener el rendimiento y el desarrollo de los miembros del equipo en un nivel superior. Trabajar en estrecha colaboración con los equipos de ventas y catering, marketing y banquetes para maximizar los resultados empresariales. ¿Qué buscamos? Título universitario en gestión hotelera o especialidad relacionada. Experiencia previa en una función de liderazgo en el sector de la restauración / gastronomía y bebidas. . Pasión por el liderazgo y el trabajo en equipo. Sentido del detalle para alcanzar la excelencia operativa. Excelentes aptitudes de atención al cliente. Buena capacidad de comunicación oral y escrita en inglés. ¿Por qué elegirnos? En Minor Hotels Europe & Americas nos comprometemos a dar forma a carreras apasionantes en todo el mundo y a experiencias interculturales. Nuestro viaje está impulsado por la pasión y la dedicación de nuestros increíbles equipos, que también disfrutan de beneficios exclusivos como: Experiencia mundial - diversidad de 150 nacionalidades diferentes. Oportunidades de desarrollo profesional llenas de retos nacionales e internacionales. Amplia gama de programas de formación para mejorar las habilidades. Iniciativas de bienestar, incluidas condiciones de trabajo flexibles. Programas de reconocimiento de empleados, como nuestros “Memorablle Dates”. Posibilidad de marcar la diferencia a través de nuestro programa de sostenibilidad e iniciativas de voluntariado. Tarifas y promociones para los empleados, con descuentos en nuestros hoteles de todo el mundo y ventajas exclusivas a través de nuestro programa de fidelización corporativa.",,,,,YEAR,2026-02-27T00:00:00,,Santa Cruz de Tenerife,Santa Cruz de Tenerife,,Santa Cruz de Tenerife / Santa Cruz de Tenerife,Indefinido,,,,https://www.turijobs.com/es-es/oferta-trabajo/santa-cruz-de-tenerife/asistentea-jefea-de-alimentos-y-bebidas-tivoli-la-caleta-tenerife-resort/321788,2026-04-09T12:14:55.232381+00:00
turijobs,321671,Camarera/o de pisos,Aequora Lanzarote Suites,Estamos seleccionando personal para incorporar en el puesto de camarero/a de pisos (hotel de 4 estrellas).,,,,,,2026-02-26T00:00:00,,Las Palmas,Tías,,Tías / Las Palmas,Temporal,Jornada completa,,,https://www.turijobs.com/es-es/oferta-trabajo/las-palmas/camarerao-de-pisos/321671,2026-04-09T12:14:39.386072+00:00
turijobs,321749,CHEF DE PARTIE - Meliá Costa Atlantis,Meliá Hotels International,"CHEF DE PARTIE - FOOD & BEVERAGE MISIÓN : Supervisa que la elaboración de servicio de alimentos se lleve a buen término siguiendo los estándares de calidad establecidos por el Hotel. Responsable de la calidad, elaboración y presentación de los alimentos que se producen en la cocina asignada. Responsable de la eficiencia de los empleados a su cargo, así como del perfecto estado de limpieza, higiene y orden en las áreas bajo su responsabilidad. OPERATIONS Juntamente con su jefe inmediato se asegura de que se cuenta con el personal suficiente para hacer frente a la carga de trabajo necesario dentro de lo autorizado por la plantilla de personal que corresponda a la ocupación existente y en base a la estimación de cubiertos del periodo respectivo. Vigilar que el personal lleve a cabo las preparaciones de acuerdo con los procedimientos y a la presentación establecida en los estándares de calidad, recetas y fotografías, supervisando el control de porciones y de que el desperdicio sea el mínimo aceptable, tanto en la cocina caliente como en la fría. Supervisar continuamente la eficiencia y productividad de todos y cada uno de los empleados de su sección, al mismo tiempo que se asegura de la correcta utilización de los productos y equipo de trabajo, vigilando el buen funcionamiento de este. Garantizar que todos los servicios al centro de consumo se lleven a cabo sin contratiempos y que se cumplan las especificaciones solicitadas en cuanto a guarniciones, tiempos de cocción, etc.… Cumplir y vigila que se cumplan las normas de seguridad, limpieza e higiene en todos los aspectos de la operación y de que se mantengan los más altos estándares de higiene, limpieza y orden en las cámaras de conservación, cámaras frías, refrigeradores, etc.… así como en todas las áreas bajo su responsabilidad. Asistir a sus superiores en el establecimiento de menús especiales y sugerencias del día de acuerdo a la disponibilidad de productos. Se asegura de que las normas de seguridad e higiene se entiendan y apliquen correctamente en el desempeño de las tareas, minimizando los riesgos y el número de accidentes derivados de prácticas inseguras. Elaborar los pedidos de productos para el centro de consumo en base al pronóstico de cubiertos y las somete a aprobación de su jefe inmediato. Mantener una estrecha comunicación con su jefe inmediato para coordinar la interacción de su sección con las demás áreas de cocina, el centro de consumo y otros departamentos del Hotel. Vigilar que todos los productos en refrigeración estén en buen estado, utilizando los menos recientes y separando los de nuevo ingreso para posterior utilización. Continuamente verifica que se mantenga la temperatura adecuada en los refrigeradores y cámaras. ECONOMIC-FINANCIAL Conocer el presupuesto de su departamento. Conocer los resultados económicos del departamento. Conocer los objetivos económicos del hotel y de su departamento, así como su cumplimiento.",,,,,YEAR,2026-02-26T00:00:00,,Santa Cruz de Tenerife,Santa Cruz de Tenerife,,Santa Cruz de Tenerife / Santa Cruz de Tenerife,Indefinido,,,,https://www.turijobs.com/es-es/oferta-trabajo/santa-cruz-de-tenerife/chef-de-partie-melia-costa-atlantis/321749,2026-04-09T12:14:42.886415+00:00
turijobs,321750,Assistant Front Office Manager - Paradisus Gran Canaria,Meliá Hotels International,"En Paradisus Gran Canaria , un hotel 5 estrellas lujo Todo Incluido, nuestra misión es ofrecer a nuestros huéspedes una experiencia inigualable, caracterizada por el confort, la excelencia y la atención al detalle. Para ello, buscamos un/a Assistant Front Office Manager que se una a nuestro equipo y desempeñe un papel clave en la creación de experiencias memorables desde el primer contacto hasta la despedida del huésped. Misión del Puesto: Apoyar al Front Office Manager en la supervisión y coordinación del departamento de Recepción, garantizando un servicio excepcional, eficiente y personalizado, alineado con los estándares de lujo de la marca, asegurando la máxima satisfacción del huésped. ¿Qué tendrás que hacer? Supervisar y coordinar las operaciones diarias del departamento de Front Office (recepción, guest service, concierge, etc.). Asegurar un proceso de check-in y check-out ágil, personalizado y acorde a los estándares de lujo del hotel. Gestionar y resolver incidencias o quejas de huéspedes con profesionalidad, empatía y orientación a resultados. Liderar, motivar y formar al equipo de recepción, fomentando un ambiente de trabajo positivo y enfocado en la excelencia. Colaborar en la elaboración de horarios, control de productividad y seguimiento de objetivos del departamento. Supervisar la correcta facturación, cierres de caja y cumplimiento de procedimientos administrativos. Coordinarse con otros departamentos (Housekeeping, F&B, Mantenimiento, Guest Experience, etc.) para garantizar una experiencia integral y fluida para el huésped. Asegurar el cumplimiento de los estándares de calidad, protocolos de seguridad y políticas internas de la compañía. ¿Qué buscamos? Experiencia previa en recepción de hoteles, preferiblemente como Supervisor/a de Recepción o Assistant Front Office Manager en hoteles de lujo o 5*. Formación en Turismo, Gestión Hotelera o similar. Nivel alto de inglés (imprescindible); se valorarán otros idiomas. Liderazgo, capacidad de organización y toma de decisiones. Alta orientación al cliente y excelentes habilidades de comunicación. Conocimiento de sistemas de gestión hotelera (PMS). Disponibilidad para trabajar en turnos rotativos, incluidos fines de semana y festivos. Si te apasiona el sector hotelero y quieres formar parte de una marca que apuesta por la excelencia y el servicio personalizado, ✨ ¡Únete al equipo de Paradisus Gran Canaria y lleva la experiencia del huésped al siguiente nivel! ✨",,,,,YEAR,2026-02-26T00:00:00,,Las Palmas,Las Palmas de Gran Canaria,,Las Palmas de Gran Canaria / Las Palmas,Indefinido,,,,https://www.turijobs.com/es-es/oferta-trabajo/las-palmas/assistant-front-office-manager-paradisus-gran-canaria/321750,2026-04-09T12:14:46.668802+00:00
turijobs,321757,HR/PAYROLL COORDINATOR - Clúster TFN y La Palma,Meliá Hotels International,"Misión del puesto Brindar soporte al HR Manager en todas las actividades relacionadas con la gestión de personas, siguiendo las políticas y herramientas corporativas. Garantizar una experiencia excelente a colaboradores y candidatos/as durante todo el ciclo laboral, asegurando una gestión administrativa rigurosa, eficiente y alineada con la cultura de la compañía. Responsabilidades Principales: Administración de Personal Gestionar en la plataforma de RRHH todos los movimientos contractuales: altas, reincorporaciones, bajas, prórrogas, cambios de datos y movimientos organizativos. Verificar la correcta ejecución de las acciones registradas en el sistema. Introducir y controlar los complementos de nómina mensuales, incluyendo retenciones judiciales. Actualizar información del perfil del empleado (familiares, diversidad funcional, datos bancarios, direcciones) con la documentación correspondiente. Registrar y supervisar los procesos de absentismo, asegurando la correcta documentación. Atención y Soporte a Personas Atender solicitudes de información de colaboradores, HoD y personal externo (asociaciones, centros formativos, ETTs, etc.). Ofrecer acompañamiento personalizado a colaboradores (dudas, inquietudes, documentación, referencias, información corporativa). Mantener actualizados los tablones informativos internos y externos. Clima, Cultura & Employee Experience Realizar inspecciones periódicas de las zonas de personal mediante checklist, entregando informe al HR Manager y Dirección. Participar en procesos de investigación de conflictos laborales conforme a legislación local. Gestionar y supervisar el correcto uso, mantenimiento y convivencia en alojamientos de personal, garantizando estándares de calidad y bienestar. Prevención de Riesgos Laborales Entregar documentación de PRL a nuevos colaboradores y asegurar su adecuado registro y archivo. Coordinar acciones formativas en materia de prevención con empresas externas y mantener actualizada la documentación. Asegurar la realización de investigaciones de accidentes y hacer seguimiento de acciones correctivas. Verificar el cumplimiento del hotel en materia de prevención: Actualización del Plan de Prevención Fichas de seguridad de productos químicos Documentación preventiva de contratas Organización de simulacros Revisión y reposición de botiquines Buscamos a una persona con pasión por la gestión de personas , orientada al detalle y con una fuerte vocación de servicio. Un perfil proactivo, organizado y con sensibilidad hacia la experiencia del colaborador, capaz de gestionar procesos administrativos con rigor y al mismo tiempo ofrecer un trato cercano y profesional. Al menos 1 año de experiencia en posiciones similares dentro de RRHH, especialmente en áreas de administración de personal, nómina, gestión contractual o employee services. Experiencia previa en el sector hotelero o empresas con alto volumen de plantilla. Formación relacionada y acorde a la posición. Conocimiento práctico de procesos de administración de personal y normativa laboral vigente. Orientación al detalle y rigor administrativo. Comunicación efectiva, tanto con colaboradores como con mandos y proveedores. Organización y gestión del tiempo en entornos dinámicos. Actitud proactiva, colaborativa y orientada al servicio y la experiencia del empleado.",,,,,YEAR,2026-02-26T00:00:00,,Santa Cruz de Tenerife,Santa Cruz de Tenerife,,Santa Cruz de Tenerife / Santa Cruz de Tenerife,Indefinido,,,,https://www.turijobs.com/es-es/oferta-trabajo/santa-cruz-de-tenerife/hrpayroll-coordinator-cluster-tfn-y-la-palma/321757,2026-04-09T12:14:48.571526+00:00
turijobs,321546,Relaciones Públicas en H10 Playa Meloneras Palace,H10 Hotels,"H10 Hotels precisa incorporar a un/a Relaciones Públicas para trabajar en nuestro hotel H10 Playa Meloneras Palace, en Gran Canaria. Las funciones a desarrollar serán: Funciones : * Asistir cuando sea necesario al Jefe/a de Relaciones Públicas. * Acogida de los huéspedes las puertas del restaurante durante los servicios. * Preparar cartas de bienvenida y bonos para clientes. * Revisión y preparación de la cartelera informativa de eventos y deportes. * Atención al cliente telefónica y personalizada. * Venta e información de servicios del hotel y excursiones y actividades de ocio. * Gestión de quejas y sugerencias de clientes. * Revision de listados VIPS y asignación de habitaciones * Dar apoyo al departamento de Recepción cuando sea necesario. * Fomentar la fidelización del cliente, impulsando el Club H10.",,,,,YEAR,2026-02-25T00:00:00,,Las Palmas,Las Palmas de Gran Canaria,,Las Palmas de Gran Canaria / Las Palmas,Temporal,,,,https://www.turijobs.com/es-es/oferta-trabajo/las-palmas/relaciones-publicas-en-h10-playa-meloneras-palace/321546,2026-04-09T12:14:16.966787+00:00
turijobs,321561,Camarera/o de Pisos,Anfi Resorts,"¡ÚNETE AL EQUIPO DE ANFI DEL MAR! Grupo Anfi, líder en Europa en su sector, te invita a formar parte de un equipo que reúne a más de 800 empleados de 21 nacionalidades, ofreciendo la máxima calidad en nuestros exclusivos complejos de lujo. Responsabilidades: Tu misión será garantizar que cada habitación y área común esté impecable, contribuyendo a que nuestros huéspedes disfruten de una estancia inolvidable. Porque en Grupo Anfi, sabemos que la limpieza también crea experiencias memorables. Responsabilidades principales - Limpieza, orden y presentación de habitaciones y zonas comunes según los estándares del grupo. - Reposición de amenities, textiles y material de trabajo. - Reportar incidencias o desperfectos para garantizar la calidad del servicio. - Cumplir con los protocolos de higiene, seguridad y calidad. - Colaborar con el equipo para mantener un ambiente de trabajo positivo y eficiente. - Atender con amabilidad y profesionalidad cualquier solicitud de los huéspedes. Requisitos: - Experiencia previa en limpieza de hoteles, apartamentos turísticos o similares (valorable). - Actitud positiva, proactividad y orientación al trabajo en equipo. - Atención al detalle y compromiso con la calidad. - Flexibilidad horaria, incluyendo fines de semana y festivos. - Motivación por crecer profesionalmente en el sector hotelero. Qué te ofrecemos: - Contrato a tiempo parcial, según disponibilidad. - Horario: 08:00 a 16:00, favoreciendo la conciliación laboral y personal. - Salario competitivo: 1979,63€ brutos/mensual en 12 pagas. - Uniforme y desayuno incluidos. - Aparcamiento gratuito y modernas instalaciones. - Oportunidad de formación continua y desarrollo profesional en un entorno internacional. - Cultura de trabajo cercana y colaborativa, donde tu esfuerzo y dedicación son reconocidos. Únete a Grupo Anfi Si te apasiona la limpieza hotelera, el servicio de calidad y formar parte de un equipo internacional, ¡esta es tu oportunidad para crecer con nosotros y dejar tu huella en la experiencia de nuestros huéspedes! Envía tu CV y forma parte de Grupo Anfi, donde la excelencia se vive cada día.",1980 - 1980 MONTH,1980,1980,EUR,MONTH,2026-02-25T00:00:00,,Las Palmas,Arguineguín,,Arguineguín / Las Palmas,Temporal,Jornada completa,,,https://www.turijobs.com/es-es/oferta-trabajo/las-palmas/camarerao-de-pisos/321561,2026-04-09T12:14:21.506238+00:00
turijobs,321567,AGENTE DE ATENCIÓN AL CLIENTE – OPERADOR TURÍSTICO,Syskrack,"Conviértete en parte de nuestro equipo como Asesor de Atención al Cliente en nuestra agencia de viajes ubicada en San Isidro. Buscamos a una persona proactiva y orientada al servicio para satisfacer las necesidades de nuestros clientes. Como Agente de Atención al Cliente, serás responsable de gestionar reservas, proporcionar información sobre destinos y servicios, resolver reclamaciones y garantizar una experiencia positiva para quienes confían en nuestra empresa para sus excursiones.",1300 - 1400 MONTH,1300,1400,EUR,MONTH,2026-02-25T00:00:00,,Islas Canarias,San Isidro,Islas Canarias,San Isidro / Islas Canarias,Indefinido,Jornada completa,,,https://www.turijobs.com/es-es/oferta-trabajo/islas-canarias/agente-de-atencion-al-cliente-operador-turistico/321567,2026-04-09T12:14:24.245957+00:00
turijobs,321569,Commis de Cuisine - Innside Fuerteventura,Meliá Hotels International,"El Hotel INNSIDE Fuerteventura necesita incorporar un/a Ayud. de Cocina. Tu Misión será participar en la elaboración/ regeneración y presentación de los alimentos que se producen en la cocina donde es asignado, a través del eficiente desempeño de sus funciones, cumpliendo en todo momento con los estándares de calidad y recetas establecidas para cada uno de los platos que se le soliciten, poniendo especial cuidado en la creatividad, composición, sazón y presentación de los mismos para asegurar la satisfacción de huéspedes y clientes, obteniendo su reconocimiento y preferencia por los alimentos del Hotel. ¿Cuáles serán mis funciones? Participar con cierta autonomía y responsabilidad en las elaboraciones de cocina bajo supervisión de su superior. Realizar las preparaciones básicas, así como cualquier otra relacionada con las elaboraciones culinarias que le sean encomendadas. Preparar y o terminación de los platos para los que haya recibido oportuna formación. Mantener el orden y la organización de las cámara y refrigeradores de su área de actuación, para el correcto aprovechamiento de los productos. Cumplir con los procedimientos y estándares de limpieza e higiene en el desempeño de sus labores, asegurando la calidad y confiabilidad de los alimentos que se preparan. ¿Qué buscamos? Experiencia mínima de 6 meses en un puesto similar en Hoteles de 4 y 5* Conocimiento de Manipulación de alimentos, higiene y seguridad alimentaria. Conocimientos culinarios propios. Polivalencia dentro de los servicios que se ofrecen Trabajo en equipo, pasión por el servicio y orientación al cliente. Espíritu de equipo.",,,,,YEAR,2026-02-25T00:00:00,,Las Palmas,Las Palmas de Gran Canaria,,Las Palmas de Gran Canaria / Las Palmas,Indefinido,,,,https://www.turijobs.com/es-es/oferta-trabajo/las-palmas/commis-de-cuisine-innside-fuerteventura/321569,2026-04-09T12:14:28.395292+00:00
turijobs,321603,2º Jefe/a de Cocina en H10 Lanzarote Princess,H10 Hotels,"H10 Hotels precisa incorporar a un/a 2º Jefe/a de Cocina para trabajar en nuestro hotel H10 Lanzarote Princess, en Lanzarote. Las funciones a desarrollar serán: * Asistir al jefe de cocina en sus funciones. * Apoyo a la dirección, supervisión y planificación del conjunto de actividades del departamento de cocina. * Asistencia para la organización, coordinación y motivación de la plantilla a su cargo. * Preparar, confeccionar y presentar los productos de uso culinario. * Colaborar en la elaboración de menús y buffet, así como otras ofertas culinarias para banquetes y otros eventos. * Control y gestión de platos, la calidad de compras y almacén. * Asistencia en potenciar y promocionar la imagen del restaurante. * Colaborar en la realización y elaboración de los datos relacionados con la actividad, control de existencias y materias primas y pedidos de inventario. * Atención al cliente. * Conocer e implementar las medidas de seguridad e higiene que afecte a las personas, instalaciones y material en la restauración. * Idiomas: Nivel medio de inglés. Nivel medio de ofimática e internet. * Organizar y coordinar los diferentes servicios de Cocina. * Control de costes y gestión de los recursos disponibles de manera eficiente. * Gestión de la plantilla, formar, motivar y desarrollar las habilidades y aptitudes de su equipo. * Controlar la calidad del servicio prestado, ajustándolo a las necesidades y expectativas del cliente.",,,,,YEAR,2026-02-25T00:00:00,,Las Palmas,Yaiza,,Yaiza / Las Palmas,Temporal,,,,https://www.turijobs.com/es-es/oferta-trabajo/las-palmas/2-jefea-de-cocina-en-h10-lanzarote-princess/321603,2026-04-09T12:14:32.583508+00:00
turijobs,321623,RESERVATIONS MANAGER - Hotel Paradisus e Innside Fuerteventura,Meliá Hotels International,"MISIÓN : El Reservations Manager lidera y gestiona el equipo de reservas para alcanzar los ingresos presupuestados y previstos de habitaciones. Garantizar el funcionamiento eficiente del departamento en el día a día FUNCIONES: Gestionar las operaciones de reservas, asegurando que los estándares y procedimientos del hotel sean plenamente conocidos y seguidos. Asegurar que todas las solicitudes de reservas de habitaciones, tanto entrantes como salientes, sean atendidas y gestionadas según los estándares y procedimientos del hotel. Fidelizar a los huéspedes, proporcionando un servicio único a través de habilidades de comunicación y ventas, con el fin de mejorar la imagen del hotel y aumentar el revenue. Reconocer a los huéspedes VIP y aplicar las políticas correspondientes. Garantizar un conocimiento perfecto de los tipos de habitaciones y la estructura de tarifas entre el equipo de reservas. Asegurar la precisión de toda la información de las reservas volcadas en el PMS. Asegurar que los registros de historial de huéspedes se mantenga actualizado y que todos los huéspedes estén pre-registrados. Proporcionar informes y estadísticas actualizados a la gerencia y otros departamentos. Mantener una estrecha relación con el equipo de revenue/comercial Conocer la filosofía de la Marca, asegurando una óptima implementación de los estándares, manuales operativos y de identidad que aplican a su departamento. Gestionar el buzón de correo genérico del departamento QUÉ BUSCAMOS: Idiomas: idioma local e inglés avanzado Conocimientos específicos: valorable conocimientos de Opera Cloud Experiencia: mínimo un año en puesto similar",,,,,YEAR,2026-02-25T00:00:00,,Las Palmas,Fuerteventura,,Fuerteventura / Las Palmas,Indefinido,,,,https://www.turijobs.com/es-es/oferta-trabajo/las-palmas/reservations-manager-hotel-paradisus-e-innside-fuerteventura/321623,2026-04-09T12:14:36.588242+00:00
turijobs,321388,Subgobernanta/e en H10 Playa Esmeralda,H10 Hotels,"H10 Hotels precisa incorporar a un/a Subgobernante/a con contrato de sustitución para trabajar en nuestro hotel H10 Playa Esmeralda, en Fuerteventura. Las funciones a desarrollar serán: * Sustituir a la Gobernante/a o al encargado/a general. * Ejecutar de manera cualificada, autónoma y responsable, las tareas a los pisos, áreas públicas, áreas internas, lencería y lavandería. * Seleccionar los productos de mantenimiento y limpieza para el uso diario. * Inspeccionar y participar en la limpieza de las áreas. * Llevar el control de las habitaciones y su ocupación, así como la de las salas. * Participar en la estadística y elaborar informes en relación con las tareas propias de su área. * Llevar control y entrega de artículos “perdido y encontrado"".",,,,,YEAR,2026-02-24T00:00:00,,Las Palmas,Pájara,,Pájara / Las Palmas,Temporal,,,,https://www.turijobs.com/es-es/oferta-trabajo/las-palmas/subgobernantae-en-h10-playa-esmeralda/321388,2026-04-09T12:13:56.338295+00:00
turijobs,321398,Técnico/a de Mantenimiento,LIVVO Jandía Golf Fuerteventura,"Como Técnico/a de Mantenimiento en Hotel LIVVO Jandía Golf te integrarás a un equipo profesional en un hotel independiente ubicado en Barranco Vinamar Playa de Jandía, Calle la Mancha, Morro Jable, España. Esta oportunidad para Técnico/a de Mantenimiento ofrece contrato indefinido y jornada completa, con número de vacantes: 2, categoría: Empleado y residencia: Indiferente. Empresa: (no especificada). Se valora proactividad, pensamiento técnico y respeto por la seguridad y la calidad del servicio. Responsabilidades: Realizar mantenimiento preventivo y correctivo de instalaciones (electricidad, fontanería, climatización, carpintería y pequeños trabajos de albañilería), detectar y reparar averías, ejecutar revisiones periódicas, gestionar herramientas y repuestos, registrar intervenciones y coordinar con recepción y otros departamentos para garantizar el confort de huéspedes. Aplicar normas de seguridad y uso de equipos de protección. Requisitos: Título mínimo ESO/EGB, experiencia mínima 1 año en puestos similares, conocimientos básicos en electricidad, fontanería y climatización, manejo de herramientas manuales y eléctricas, lectura de planos y mantenimiento preventivo, nivel de Español Básico obligatorio. Se valora capacidad de trabajo en equipo, disponibilidad para turnos 08:00 a 16:00 / 16:00 a 22:00 y actitud orientada al servicio. Beneficios: Contrato indefinido, jornada completa, incorporación a plantilla de hotel independiente con ambiente estable, formación continua interna, posibilidad de desarrollo profesional, condiciones laborales acorde a convenio y trabajo en un destino turístico con buena calidad de vida.",,,,,,2026-02-24T00:00:00,,Las Palmas,Morro Jable,,Morro Jable / Las Palmas,Indefinido,Jornada completa,,,https://www.turijobs.com/es-es/oferta-trabajo/las-palmas/tecnicoa-de-mantenimiento/321398,2026-04-09T12:13:59.165066+00:00
turijobs,321399,"Camarero/a en Hotel LIVVO Jandía Golf, Barranco Vinamar Playa de Jandía, Calle la Mancha, Morro Jable, España — Empresa: — Sector: Hotel independiente",LIVVO Jandía Golf Fuerteventura,"Camarero/a — En Hotel LIVVO Jandía Golf te ofrecemos la oportunidad de incorporarte como Camarero/a en un entorno de hotel independiente ubicado en Hotel LIVVO Jandía Golf, Barranco Vinamar Playa de Jandía, Calle la Mancha, Morro Jable, España. Esta posición, con Job category: Empleado y Number of vacancies: 1, se desarrolla bajo Contract Type: Indefinido y Type of working day: Jornada completa, con Working Hours: 08:00 a 16:00/ 16:00 a 22:00. Valoramos la atención al cliente, la capacidad de trabajo en equipo y la comunicación en Inglés Intermedio (Mandatory language: Inglés Intermedio). Residencia Type: Indiferente y Minimum Degree: ESO/EGB; Experience Years: No requerida. Responsabilidades: Atención y acogida de clientes, servicio de alimentos y bebidas, manejo de bandejas, toma de comandas, preparación básica de bebidas, mantenimiento de zonas y colaboración con cocina, control de stock y facturación; se requieren habilidades de servicio al cliente, rapidez, orientación al detalle y comunicación. Requisitos: ESO/EGB, Inglés Intermedio, disponibilidad para jornada completa, orientación al cliente, habilidades interpersonales, higiene y presentación profesional. Beneficios: Contrato indefinido, formación en puesto, ambiente estable en hotel independiente, horario rotativo 08:00-16:00 / 16:00-22:00, posibilidad de crecimiento profesional y condiciones laborales adaptadas al sector hotelero. Empresa: (no especificada).",,,,,,2026-02-24T00:00:00,,Las Palmas,Morro Jable,,Morro Jable / Las Palmas,Indefinido,Jornada completa,,,https://www.turijobs.com/es-es/oferta-trabajo/las-palmas/camareroa-en-hotel-livvo-jandia-golf-barranco-vinamar-playa-de-jandia-calle-la-mancha-morro-jable-espaa-empresa-sector-hotel-independiente/321399,2026-04-09T12:14:02.101708+00:00
turijobs,321416,2º Jefe/a de Cocina en H10 Big Sur,H10 Hotels,"H10 Hotels precisa incorporar a un/a 2º Jefe de Cocina para trabajar en nuestro hotel H10 Big Sur, en Tenerife Las funciones a desarrollar serán: * Elaborar junto al Jefe de Cocina los planes de acción que involucren a los colaboradores e indicadores de seguimiento. * Coordinar y supervisar todas las actividades y operaciones de su área, de forma continua, asegurando la adecuada y eficiente asignación de recursos (materiales y humanos), aprovechando las sinergias entre los diferentes departamentos. * Dirigir, motivar y preparar a los colaboradores del departamento en el desarrollo de su trabajo, coordinando, supervisando y realizando la contratación de los mismos. * Implantación y seguimiento de: ruedas de menú, cartas, menús para eventos, etc. * Informarse y asegurarse del cumplimiento de todas las normativas legales en cuanto APPCC que apliquen a su área de trabajo. * Controlar mercancías y proveedores. * Supervisar e inspeccionar, regularmente, la totalidad de los servicios. * Control del coste alimenticio (huéspedes y empleados). * Optimizar la producción alimenticia diaria según pensiones alimenticias. * Control consumos y sobrantes. * Definición y control de stocks mín. y máx., rotación mercancía. * Optimización de las compras según informe de precios del departamento de compras. * Escandallos y mermas. * Implicación y supervisión en los inventarios mensuales. * Realizar las órdenes de compras de género y de material. * Apoyo al Jefe de Cocina en aspectos de gestión del departamento (APPCC, Personal, etc.) * Responsable de la elaboración y proceso de la materia prima, decoración, presentación y calidad de los platos, que los equipos, instalaciones y áreas de cocina se mantengan en adecuado estado de conservación, orden y aseo, esté pendiente de la utilización de productos perecederos para la preparación inmediata.",,,,,YEAR,2026-02-24T00:00:00,,Santa Cruz de Tenerife,Adeje,,Adeje / Santa Cruz de Tenerife,Temporal,,,,https://www.turijobs.com/es-es/oferta-trabajo/santa-cruz-de-tenerife/2-jefea-de-cocina-en-h10-big-sur/321416,2026-04-09T12:14:03.594921+00:00
turijobs,321422,Cocinero/a cualificado,Gran Hotel Bahia Del Duque Resort,"Buscamos Cocinero/a profesional para integrarse al equipo gastronómico de un hotel 5 estrellas, donde la excelencia, el detalle y la pasión por la alta cocina son parte esencial de la experiencia del huésped.",25000 - 26000 YEAR,25000,26000,EUR,YEAR,2026-02-24T00:00:00,,Santa Cruz de Tenerife,Costa Adeje,,Costa Adeje / Santa Cruz de Tenerife,Temporal,Jornada completa,,,https://www.turijobs.com/es-es/oferta-trabajo/santa-cruz-de-tenerife/cocineroa-cualificado/321422,2026-04-09T12:14:07.137946+00:00
turijobs,321503,SOUS CHEF - Meliá La Palma,Meliá Hotels International,"OPERATIONS Colaborar en la implantación de la estrategia, normas y procedimientos de Cocina de la compañía (productos, pedidos, estándares de servicio, procedimientos Vips) en el hotel. Proporcionar soporte en la implantación de las herramientas de F&B: guías Operativas, recetas, hojas de producción, escandallos, listados de productos de compras. Identificar y proponer mejoras que optimizan la eficiencia en la cocina del hotel Asegurar la consistencia y la más alta calidad en el sabor, presentación y temperatura adecuada de los alimentos servidos en todas las cocinas. Colaborar en la planificación cartas bares y restaurantes (rotación menús) junto con el Head-Chef. Asegurar que equipo conozca las fichas técnicas de F&B para los distintos outlets. Participar en los Briefing diarios para estar al tanto de las situaciones del hotel, en las reuniones de seguimiento de ordenes de servicio para asegurar los eventos en tiempo y forma y en las reuniones de seguimiento mensuales del hotel aportando los resultados actualizados del departamento de F&B. Colaborar con el Head Chef para la puesta en marcha del Servicio. Supervisar la preparación de pedidos en base a las necesidades del servicio (desayunos, cubiertos, ordenes de servicio) en el hotel. Supervisar la preparación en Cocina y la coordinación con sala para la salida de platos e inicio del servicio. Participar en la planificación del equipo, la comunicación de órdenes y la preparación de cámaras y almacén. En los Outlets: Participar en el análisis de los servicios (desayunos, cubiertos de restaurantes cena, Room Service y eventos) previstos con los responsables de los outlets con una periodicidad semanal/quincenal. Velar por la solicitud de pedidos con la debida antelación. Participar en la planificación la plantilla para servicio desayunos (ratio Cocineros). Supervisar la elaboración y presentación Buffet Desayunos. Supervisar la recogida de productos restantes, el análisis de merma y la limpieza de los espacios al final de cada servicio. En Eventos: Realizar reuniones periódicas para revisar los servicios planificados en base a los próximos eventos con los departamentos relacionados (comercial, cocina, recepción). Proporcionar soporte en la coordinación con Cocina y Sala de los eventos a realizar.",,,,,YEAR,2026-02-24T00:00:00,,Santa Cruz de Tenerife,Santa Cruz de Tenerife,,Santa Cruz de Tenerife / Santa Cruz de Tenerife,Indefinido,,,,https://www.turijobs.com/es-es/oferta-trabajo/santa-cruz-de-tenerife/sous-chef-melia-la-palma/321503,2026-04-09T12:14:12.052567+00:00
turijobs,321327,Waiter - INNSIDE Fuerteventura,Meliá Hotels International,"MISIÓN : Es responsable de brindar un servicio correcto, atento y cordial. Cumple en todo momento con los estándares de calidad y pone especial cuidado en el servicio al cliente, asegurando que la presentación de los alimentos y bebidas estén correctos antes de entregar a los clientes, para poder asegurar la satisfacción de huéspedes y clientes, obteniendo su reconocimiento y preferencia por los servicios del Hotel. FUNCIONES: Realizar y asegurar el cumplimiento de las instrucciones de su jefe inmediato en cuanto a tareas y obligaciones que se le asignen antes y al final del turno. Verificar que cuenta con todo el equipo y suministros necesarios para proporcionar el servicio a las habitaciones y maneja el mismo adecuadamente para evitar roturas, desperdicio y mermas. Participar en los “briefings” al inicio de cada turno con el propósito de recibir información sobre especialidades del día, faltantes, VIPs, grupos, comentarios generales e intercambio de opiniones. Ofrecer consistentemente una actitud amable y respetuosa a los huéspedes al entregar los servicios en sus habitaciones, manteniendo siempre una postura y presentación impecable. El servicio debe ser rápido y correcto, siguiendo el SOP de su posición, cuidando de que sus intervenciones sean oportunas. Antes de llevar el servicio se asegura que la orden corresponda a la habitación y a las especificaciones y solicitudes del cliente. Realizar los montajes del servicio de acuerdo con los estándares de calidad y presentación establecidos, verificando que se incluyen todos los productos, tales como cubiertos, saleros, servilletas, salsas, aderezos, etc. Manejar con extrema precaución los servicios para evitar cualquier accidente, derrames o roturas, cumpliendo en todo momento con las normas de seguridad. Retirar inmediatamente cualquier artículo o alimento que no sea del agrado del cliente, si es algo sencillo lo devuelve a la cocina, pero si es de mayor importancia, lo informa a su superior inmediato. Presentar la cuenta al cliente, cumpliendo estrictamente con los procedimientos establecidos para el cobro, dependiendo de la forma de pago. Se presenta puntualmente a sus labores y cumple con las políticas y procedimientos de disciplina, presentación, horarios, áreas de tránsito y normas de seguridad establecidas por el Hotel. Asistir a las reuniones del departamento y participa continuamente en la formación programada para su posición. ¿QUÉ BUSCAMOS? Idioma local e Inglés Avanzado. Un tercer idioma será altamente valorable. Formación acorde con el puesto (FP, Cursos de especialización, etc.). Competencias de trabajo en equipo, proactividad a la excelencia, dinamismo y organización. Clara orientación al cliente y al detalle.",,,,,YEAR,2026-02-23T00:00:00,,Las Palmas,Fuerteventura,,Fuerteventura / Las Palmas,Indefinido,,,,https://www.turijobs.com/es-es/oferta-trabajo/las-palmas/waiter-innside-fuerteventura/321327,2026-04-09T12:13:39.771120+00:00
turijobs,321328,Accounts Assistant - Cluster Tenerife Sur,Meliá Hotels International,"Gran Meliá Palacio de Isora está situado entre el Océano Atlántico y el majestuoso Teide, en la isla de Tenerife, este exclusivo resort con un toque vanguardista del servicio de lujo tradicional ofrece una experiencia mágica. Este Resort en Guía de Isora cuenta con la piscina infinita de agua salada más larga de Europa en un hotel, que se integra perfectamente en un entorno natural excepcional. Nuestras opciones gastronómicas de cocina española e internacional y de calidad superior ofrecen un servicio de lujo y refinamiento clásico con toques vanguardistas en los diferentes restaurantes del hotel. Misión del puesto: Serás el responsable de asegurar la Intervención del hotel, las diferentes Cajas, Facturación, Control y Gestión de ingresos y soportes a los equipos. ¿Cuáles serán tus principales funciones? Realizar de manera cualificada, autónoma y responsable las tareas administrativas, archivo y contabilidad correspondiente a su sección. Elaborar documentos de contabilidad. Efectuar el registro, control y archivos de correspondencia y facturación. Cobrar facturas y efectuar pagos a proveedores. Responsable del cuadre de las diferentes Cajas de los puntos de venta del hotel. Tareas de apoyo en el área de Intervención y Contabilidad. ¿Qué buscamos? Grado en ADE o bien Ciclo Superior en Administración y Finanzas. Dominio del Excel nivel alto. Experiencia mínima de 1 año en puesto similar. Inglés nivel medio.",,,,,YEAR,2026-02-23T00:00:00,,Santa Cruz de Tenerife,Santa Cruz de Tenerife,,Santa Cruz de Tenerife / Santa Cruz de Tenerife,Indefinido,,,,https://www.turijobs.com/es-es/oferta-trabajo/santa-cruz-de-tenerife/accounts-assistant-cluster-tenerife-sur/321328,2026-04-09T12:13:44.087372+00:00
turijobs,321334,Electricista - Rosa Group,Rosa Group,"Rosa Group ofrece experiencias únicas en sus hoteles de Canarias, especializados por tipo de cliente y unidos por un firme compromiso con la calidad y el trato cercano. Gracias a su hospitalidad y ubicaciones privilegiadas, Rosa Group se posiciona como referente del turismo de lujo en Lanzarote y Tenerife. Buscamos Electricista para reforzar el equipo de mantenimiento. Funciones: * Mantenimiento preventivo y correctivo de instalaciones eléctricas. * Diagnóstico y resolución de averías eléctricas. * Revisión y control de cuadros eléctricos e instalaciones generales. * Cumplimiento de la normativa de seguridad y procedimientos internos. Ofrecemos: * Incorporación a Gestión Atlántica Lanzarote. * Estabilidad laboral. * Buen ambiente de trabajo. * Condiciones según valía y experiencia del candidato.",,,,,YEAR,2026-02-23T00:00:00,,Las Palmas,Tías,,Tías / Las Palmas,Indefinido,,,,https://www.turijobs.com/es-es/oferta-trabajo/las-palmas/electricista-rosa-group/321334,2026-04-09T12:13:48.101630+00:00
turijobs,321373,"Recepcionista en Precise Resort Tenerife, Los Realejos",Precise Resort Tenerife,"Se busca Recepcionista para el Hotel Precise Resort Tenerife, que te ofrece la oportunidad de formar parte de nuestro equipo en Los Realejos, España. Como parte de una cadena hotelera reconocida, buscamos profesionales con pasión por la hospitalidad, el servicio al cliente y la excelencia. Ofrecemos un contrato indefinido y jornada completa, en un entorno donde podrás desarrollar tu carrera y disfrutar de un ambiente dinámico y profesional. Tus principales responsabilidades incluirán atender y asistir a los huéspedes, gestionar reservas, realizar check-in y check-out, y proporcionar información sobre los servicios e instalaciones del hotel. Es imprescindible contar con un nivel profesional de alemán e inglés, así como entre 3 y 5 años de experiencia en un puesto similar dentro del sector hotelero. Ofrecemos un ambiente de trabajo colaborativo, oportunidades de crecimiento profesional dentro de la cadena y beneficios adicionales que reconocen tu talento y compromiso. ¡Esta es tu oportunidad para formar parte de un equipo excepcional en un entorno único!",,,,,,2026-02-23T00:00:00,,Santa Cruz de Tenerife,Santa Cruz de Tenerife,,Santa Cruz de Tenerife / Santa Cruz de Tenerife,Indefinido,Jornada completa,,,https://www.turijobs.com/es-es/oferta-trabajo/santa-cruz-de-tenerife/recepcionista-en-precise-resort-tenerife-los-realejos/321373,2026-04-09T12:13:51.520423+00:00
turijobs,321374,F&B Manager,Precise Resort Tenerife,"Buscamos un/a F&B Manager que lidere todas las áreas de Alimentos y Bebidas, garantizando una experiencia excepcional para nuestros clientes. La persona seleccionada será responsable de coordinar los diferentes puntos de venta, optimizar la rentabilidad del departamento y asegurar los más altos estándares de calidad y servicio. Buscamos un perfil dinámico, con visión estratégica, habilidad para gestionar equipos y pasión por la excelencia en hospitality. Responsabilidades principales: *Gestionar y supervisar las operaciones de restaurante, bar, eventos, room service y otros puntos F&B. *Mantener y mejorar los estándares de calidad, servicio y satisfacción del cliente. *Liderar, formar y motivar al equipo, impulsando su desarrollo y rendimiento. *Controlar costes, optimizar presupuestos y asegurar la rentabilidad del departamento. *Coordinar la oferta gastronómica y de bebidas junto con el equipo de cocina. *Gestionar compras, inventarios y proveedores. *Supervisar la planificación y ejecución de eventos y banquetes. *Velar por el cumplimiento de las normativas sanitarias y de seguridad alimentaria. *Implementar mejoras operativas y crear experiencias diferenciadoras para los clientes. ""Buscamos a quien quiera elevar nuestro F & B al siguiente nivel. ¿Serás tú?",,,,,,2026-02-23T00:00:00,,Islas Canarias,Los Realejos,Islas Canarias,Los Realejos / Islas Canarias,Indefinido,Jornada completa,,,https://www.turijobs.com/es-es/oferta-trabajo/islas-canarias/f-b-manager/321374,2026-04-09T12:13:54.462526+00:00
turijobs,321929,Camarero/a Hotel 5*,1881 Hotels,"Oferta de Empleo: Camarero/a Hotel Las Madrigueras 5* – Tenerife Sur (Santa Cruz de Tenerife) Puesto: Camarero/a Departamento: Restauración / Sala Jornada: Completa Tipo de contrato: A determinar (temporal o indefinido según valía) Incorporación: Inmediata o a convenir Descripción del puesto Buscamos un/a Camarero/a para incorporarse a nuestro equipo en 1881 Hotel Las Madrigueras 5* – Tenerife Sur . La persona seleccionada será responsable de ofrecer un servicio profesional, cercano y de alta calidad, garantizando una experiencia excelente a nuestros clientes. Funciones principales • Atención y asesoramiento al cliente en sala. • Toma de comandas y servicio de alimentos y bebidas. • Preparación y montaje de mesas según estándares del hotel. • Coordinación con cocina y bar para un servicio eficiente. • Gestión de cuentas y cobro. • Mantenimiento del orden y limpieza en el área de trabajo. Requisitos • Experiencia previa mínima de 1-2 años en puesto similar (preferiblemente en hoteles 4* o 5*). • Nivel medio/alto de inglés (se valorarán otros idiomas). • Buena presencia y orientación al cliente. • Capacidad de trabajo en equipo y bajo presión. • Valorable formación en restauración y curso de manipulador de alimentos. Ofrecemos • Incorporación a un entorno profesional de alto nivel. • Estabilidad laboral según desempeño. • Salario competitivo según experiencia y valía. • Buen ambiente de trabajo y posibilidades de desarrollo profesional.",,,,,,2026-02-03T00:00:00,,Islas Canarias,Tenerife,Islas Canarias,Tenerife / Islas Canarias,Fijo - discontinuo,Jornada completa,,,https://www.turijobs.com/es-es/oferta-trabajo/islas-canarias/camareroa-hotel-5/321929,2026-04-09T12:15:06.283922+00:00
turijobs,321951,Ayudante de Animación en H10 Costa Adeje Palace,H10 Hotels,"H10 Hotels precisa incorporar a un/a Ayudante de Animaciónen en el hotel H10 Costa Adeje Palace, en Tenerife. Las principales funciones del puesto de trabajo serán: * Organizar, informar, dirigir, controlar y evaluar el desarrollo de veladas, espectáculos, actividades deportivo-recreativas y culturales. * Organizar tanto su propio trabajo como el equipo de personas que pueda tener a su cargo. * Desarrollar, evaluar y promocionar planes, programas y actividades, así como elaborar y proponer presupuestos para su área. * Mantener comunicación efectiva en el desarrollo de su trabajo y en especial, en servicios que exijan un elevado grado de coordinación con otros departamentos del hotel. * Atender las posibles quejas y reclamaciones de los clientes. * Cumplir con los estándares definidos por la cadena, reflejados en la Normativa de Calidad. * Fomentar la participación de equipo en la introducción de mejoras tanto en el departamento como en el hotel así como en nuevas ideas del TAV.",,,,,YEAR,2026-02-03T00:00:00,,Santa Cruz de Tenerife,Adeje,,Adeje / Santa Cruz de Tenerife,Temporal,,,,https://www.turijobs.com/es-es/oferta-trabajo/santa-cruz-de-tenerife/ayudante-de-animacion-en-h10-costa-adeje-palace/321951,2026-04-09T12:15:08.580495+00:00
turijobs,321962,Jefe/a de Ventas - Secrets Lanzarote Resort & Spa,Hesperia World,"En Secrets Lanzarote Resort & Spa formarás parte de un exclusivo resort adults only , donde el servicio personalizado y el detalle marcan la diferencia. Trabajarás en un entorno natural privilegiado, con estándares internacionales y equipos enfocados en la excelencia. Una oportunidad para crecer profesionalmente mientras creas experiencias memorables cada día. Funciones clave: • Gestión y mantenimiento de relaciones comerciales con touroperadores nacionales e internacionales. • Negociación de contratos. • Seguimiento de producción, análisis de resultados y detección de oportunidades de mejora. • Elaboración de informes comerciales y reportes periódicos. • Participación en ferias y eventos del sector turístico. • Coordinación con Revenue Management para definición de estrategias comerciales. • Apoyo en acciones de promoción y marketing. • Prospección y captación de nuevos clientes y mercados. Requisitos: • Experiencia mínima de 2-3 años en departamento comercial hotelero. • Nivel alto de inglés (imprescindible). Se valorarán otros idiomas. • Dominio Office 365 • Disponibilidad para viajar. • Capacidad de negociación y orientación a resultados.",,,,,YEAR,2026-02-03T00:00:00,,Las Palmas,Puerto Calero,,Puerto Calero / Las Palmas,Indefinido,,,,https://www.turijobs.com/es-es/oferta-trabajo/las-palmas/jefea-de-ventas-secrets-lanzarote-resort-spa/321962,2026-04-09T12:15:18.822975+00:00
turijobs,321963,Camarera/o de pisos - Hesperia Apartments Bristol Playa,Hesperia World,"¡TE ESTAMOS BUSCANDO! En Hesperia World, transformamos la forma de vivir la hospitalidad. Somos un grupo líder en el sector hotelero con presencia nacional e internacional, gestionando experiencias únicas en hoteles urbanos, vacacionales y resorts. Si buscas un entorno donde la innovación, la excelencia y el talento son protagonistas, este es tu lugar. Únete a nosotros y forma parte de una compañía en constante evolución. Buscamos un/a CAMARERA/O DE PISOS para nuestro para nuestros APARTAMENTOS HESPERIA BRISTOL PLAYA ubicado en Fuerteventura. ¿Qué harás en tu día a día? • Mantener en perfecto estado de limpieza y orden las habitaciones de un hotel, office, zonas comunes y las distintas dependencias del mismo. • Cambio de ropa de cama de las habitaciones • Suministrar los dormitorios con los elementos de aseo correspondientes, así como documentos del hotel y otros complementos • Preparar las salas para reuniones, convenciones, etc. • Realizar las labores propias de lencería y lavandería • Llenar modelos y reportes diarios • Comunicación al departamento de mantenimiento cualquier desperfecto para su rápida reparación. • Organización y realización de las tareas en el tiempo establecido y atender con máxima diligencia las peticiones de los clientes ¿Qué necesitas para el puesto? · • IMPRESCINDIBLE Residente en Fuerteventura (preferentemente al Norte de la isla) · • Experiencia de 3 meses en funciones similares · •Persona organizada, responsable y con vocación de servicio · •Rapidez y eficacia · •Atención a los detalles · •Discreción y respeto por la intimidad del cliente · •Capacidad para trabajar en equipo ¿Qué ofrecemos? · •Incorporación inmediata · •Incorporación a un equipo estable en un hotel consolidado en la ciudad · • Contrato temporal de sustitución · •Jornada completa · •Formación interna en protocolos y procedimientos del hotel · •Salario según convenio · • Buen ambiente de trabajo •Descuentos especiales en hoteles de la Compañía, así como en variedad servicios y productos. ¡Te esperamos!",,,,,YEAR,2026-02-03T00:00:00,,Las Palmas,Corralejo,,Corralejo / Las Palmas,Indefinido,,,,https://www.turijobs.com/es-es/oferta-trabajo/las-palmas/camarerao-de-pisos-hesperia-apartments-bristol-playa/321963,2026-04-09T12:15:22.665256+00:00
sce,05.2026.002787,PERSONAL DE LIMPIEZA O LIMPIADORES EN GENERAL,VITREM LIMPIEZAS SL,"Limpieza de zonas comunes (baño, pasillos, salas, etc)",650,650,,EUR,,2026-04-09T13:03:00,,Santa Cruz de Tenerife,SANTA CRUZ DE TENERIFE,TENERIFE,SANTA CRUZ DE TENERIFE / TENERIFE,LABORAL TEMPORAL,,23:00 a 3:00,1,https://www.gobiernodecanarias.org/empleo/sce/principal/areas_tematicas/empleo/demanda_y_ofertas_de_empleo/buscador_ofertas_empleo.html?cod_buscar=002787&is_open=true,2026-04-09T12:13:34.883339+00:00
sce,05.2026.002788,"CONDUCTORES DE CAMIÓN, EN GENERAL","EXPLOTACIONES AVICOLAS DIAZ, S.L.",Repartidor de mercancías para repartir en Lanzarote y Fuerteventura. Jornada completa: de lunes a jueves. Se requiere carné C.,,,,,,2026-04-09T13:02:00,,Las Palmas,GÁLDAR,GRAN CANARIA,GÁLDAR / GRAN CANARIA,LABORAL TEMPORAL,,de lunes a jueves,1,https://www.gobiernodecanarias.org/empleo/sce/principal/areas_tematicas/empleo/demanda_y_ofertas_de_empleo/buscador_ofertas_empleo.html?cod_buscar=002788&is_open=true,2026-04-09T12:13:34.883151+00:00
sce,05.2026.002786,PINTORES Y/O EMPAPELADORES,"REVESTIMIENTOS Y PINTURAS BAJAMAR,SL",Oferta de empleo de pintor of. segunda para pintar fachadas. Jornada completa. Horario de 8 a 16h. Se requiere el curso de PRL de 20h.,1400,1400,,EUR,,2026-04-09T12:53:00,,Santa Cruz de Tenerife,SAN CRISTOBAL DE LA LAGUNA,TENERIFE,SAN CRISTOBAL DE LA LAGUNA / TENERIFE,LABORAL TEMPORAL,,8-16h,2,https://www.gobiernodecanarias.org/empleo/sce/principal/areas_tematicas/empleo/demanda_y_ofertas_de_empleo/buscador_ofertas_empleo.html?cod_buscar=002786&is_open=true,2026-04-09T12:13:34.882959+00:00
sce,05.2026.002784,"EMPLEADOS ADMINISTRATIVOS DE LOS SERVICIOS DE TRANSPORTE, EN GENERAL",SGMAS SOFTWARE S.L.U.,"Servicio de control de taxis. Aeropuerto de Telde. Gran Canaria. Funciones: control, seguimiento y asignación de taxis.Trabajo en semanas alternas. Contrato de sustitución. Jornada completa. 1381.34 euros brutos. Imprescindible B1 de alemán e inglés.",1381,1381,,EUR,,2026-04-09T12:43:00,,Las Palmas,TELDE,GRAN CANARIA,TELDE / GRAN CANARIA,LABORAL INDEFINIDO,,POR TURNOS,1,https://www.gobiernodecanarias.org/empleo/sce/principal/areas_tematicas/empleo/demanda_y_ofertas_de_empleo/buscador_ofertas_empleo.html?cod_buscar=002784&is_open=true,2026-04-09T12:13:34.882766+00:00
sce,05.2026.000806,TERAPEUTAS OCUPACIONALES,ASOC DE FAMILIARES Y CUIDADORES DE ENFERMOS DE ALZHEIME,"Se ofrece 2 puestos de Terapeuta Ocupacional: uno es para La Laguna y el otro es para Santa Cruz de Tenerife. Se trabaja con familias y usuarios con demencias/deterioro cognitivo. Contrato indefinido, horario de 9:00 a 17:00 horas de lunes a viernes. - Salario según convenio SVIII Convenio Marco Estatal de Servicios de Atención a las Personas Dependientes y Desarrollo de la Promoción de la Autonomía Personal (residencias privadas de personas mayores y del servicio de ayuda a domicilio). 14 pagas anuales. Si se anota a la oferta esté pendiente del Correo electrónico y de su teléfono. Le contactaremos por cualquiera de las dos vías.",1455,1455,,EUR,,2026-04-09T12:04:00,,Santa Cruz de Tenerife,SAN CRISTOBAL DE LA LAGUNA,TENERIFE,SAN CRISTOBAL DE LA LAGUNA / TENERIFE,LABORAL INDEFINIDO,,09:00 - 17:00,1,https://www.gobiernodecanarias.org/empleo/sce/principal/areas_tematicas/empleo/demanda_y_ofertas_de_empleo/buscador_ofertas_empleo.html?cod_buscar=000806&is_open=true,2026-04-09T12:13:34.882567+00:00
sce,05.2026.002747,"CONDUCTORES DE AUTOBÚS, EN GENERAL",SALCAI-UTINSA SA,"Para Gran Canaria. Requiere: ESO o equivalente, permiso de conducir D / CAP VIAJEROS. Tareas: conducir guaguas interurbanas, manejo de dinero para cobrar billetes de pago directo, entregar cambio, etc. 39 horas semanales por turnos. mañana, tarde y noche. EXPERIENCIA 2 AÑOS conducción de vehículo pesado + de 10 m. longitud",,,,,,2026-04-09T11:59:00,,Las Palmas,LAS PALMAS DE GRAN CANARIA,GRAN CANARIA,LAS PALMAS DE GRAN CANARIA / GRAN CANARIA,LABORAL INDEFINIDO,,MAÑANA/TARDE/NOCHE,3,https://www.gobiernodecanarias.org/empleo/sce/principal/areas_tematicas/empleo/demanda_y_ofertas_de_empleo/buscador_ofertas_empleo.html?cod_buscar=002747&is_open=true,2026-04-09T12:13:34.882315+00:00
sce,05.2026.002776,AUXILIARES DE ENFERMERÍA,FUNDACION GERON,"Empresa radicada en Tacoronte, solicita Auxiliar de Enfermería o Atención Sociosanitaria en Instituciones Titulados. En principio para sustituir vacaciones y puestos en plantilla de personal. Turnos rotativos de mañana, tarde y noche ( dependiendo del puesto). Salario según convenio. Se valorará la formación en materia de igualdad.",,,,,,2026-04-09T11:38:00,,Santa Cruz de Tenerife,TACORONTE,TENERIFE,TACORONTE / TENERIFE,LABORAL TEMPORAL,,,2,https://www.gobiernodecanarias.org/empleo/sce/principal/areas_tematicas/empleo/demanda_y_ofertas_de_empleo/buscador_ofertas_empleo.html?cod_buscar=002776&is_open=true,2026-04-09T12:13:34.882106+00:00
sce,05.2026.001085,"PINTORES DE VEHÍCULOS, EN GENERAL",DV GARAGE TENERIFE SL,"Preparador-pintor automóvil. Experiencia en talleres de chapa y pintura, en las tareas de preparador/pintor. Ubicación del puesto: San Miguel de Abona.",,,,,,2026-04-09T10:44:00,,Santa Cruz de Tenerife,SAN MIGUEL DE ABONA,TENERIFE,SAN MIGUEL DE ABONA / TENERIFE,LABORAL INDEFINIDO,,,1,https://www.gobiernodecanarias.org/empleo/sce/principal/areas_tematicas/empleo/demanda_y_ofertas_de_empleo/buscador_ofertas_empleo.html?cod_buscar=001085&is_open=true,2026-04-09T12:13:34.881905+00:00
sce,05.2026.001923,"COCINEROS, EN GENERAL",BODEGUITA CANARIA SL,"Cocinero/a con, al menos, un año de experiencia. La persona podrá elegir entre una jornada completa o parcial de trabajo. Preferiblemente del municipio de Santa Cruz.",,,,,,2026-04-09T10:36:00,,Santa Cruz de Tenerife,SANTA CRUZ DE TENERIFE,TENERIFE,SANTA CRUZ DE TENERIFE / TENERIFE,LABORAL INDEFINIDO,,,1,https://www.gobiernodecanarias.org/empleo/sce/principal/areas_tematicas/empleo/demanda_y_ofertas_de_empleo/buscador_ofertas_empleo.html?cod_buscar=001923&is_open=true,2026-04-09T12:13:34.881708+00:00
sce,05.2026.002772,MANTENEDORES DE EDIFICIOS,SERVICIOS AGRICOLAS CEBEGA SL,"Se necesita personal de mantenimiento para invernaderos en Granadilla de Abona y colindantes, es necesario carnet de conducir y vehiculo propio, además de experiencia de 12 meses.",,,,,,2026-04-09T10:16:00,,Santa Cruz de Tenerife,GRANADILLA DE ABONA,TENERIFE,GRANADILLA DE ABONA / TENERIFE,LABORAL INDEFINIDO,,,1,https://www.gobiernodecanarias.org/empleo/sce/principal/areas_tematicas/empleo/demanda_y_ofertas_de_empleo/buscador_ofertas_empleo.html?cod_buscar=002772&is_open=true,2026-04-09T12:13:34.881518+00:00
sce,05.2026.002368,CONDUCTORES-OPERADORES DE GRÚA EN CAMIÓN,INSTALACIONES ELECTRICAS JOSE CARLOS SL,"Require: Carné C y CAP, PRL construcción de 20 horas. Contrato indefinido, incorporación inmediata. jornada ocmpleta en horario de lunes a viernes de 7.30 a 15.30 horas.",1641 - 1741,1641,1741,EUR,,2026-04-09T10:12:00,,Santa Cruz de Tenerife,VILLA DE MAZO,LA PALMA,VILLA DE MAZO / LA PALMA,LABORAL INDEFINIDO,,L a V de 7.30 a 15.30 h,1,https://www.gobiernodecanarias.org/empleo/sce/principal/areas_tematicas/empleo/demanda_y_ofertas_de_empleo/buscador_ofertas_empleo.html?cod_buscar=002368&is_open=true,2026-04-09T12:13:34.881323+00:00
sce,05.2026.002582,"CAMAREROS, EN GENERAL",PIKULA --- RADOWLAW JERZY,"1 camarero/a Y 1 barista con experiencia previa en hostelería y valorable conocimiento en café de especialidad. MUNICIPIO: ARGUINEGUIN Ofrecemos jornada de mañana, en un ambiente dinámico y cuidado al detalle, enfocado en brunch internacional y pastelería artesanal. Se requiere buena atención al cliente, agilidad y actitud proactiva. Incorporación: 15-20 de abril Descanso: 1-2 días entre semana según contrato",,,,,,2026-04-09T09:56:00,,Las Palmas,MOGÁN,GRAN CANARIA,MOGÁN / GRAN CANARIA,LABORAL INDEFINIDO,,,2,https://www.gobiernodecanarias.org/empleo/sce/principal/areas_tematicas/empleo/demanda_y_ofertas_de_empleo/buscador_ofertas_empleo.html?cod_buscar=002582&is_open=true,2026-04-09T12:13:34.881117+00:00
sce,05.2026.002596,PINCHES DE COCINA,"GEROVITAE LA GUANCHA,SA","Municipio de ubicación del puesto: LA GUANCHA para residencia de mayores. Turnos rotativos, con dos descansos semanales. Contrato de sustitución por vacaciones. Se valora cursos de cocina o titulación",,,,,,2026-04-09T09:43:00,,Santa Cruz de Tenerife,LA GUANCHA,TENERIFE,LA GUANCHA / TENERIFE,LABORAL TEMPORAL,,,1,https://www.gobiernodecanarias.org/empleo/sce/principal/areas_tematicas/empleo/demanda_y_ofertas_de_empleo/buscador_ofertas_empleo.html?cod_buscar=002596&is_open=true,2026-04-09T12:13:34.880889+00:00
sce,05.2026.000776,BAÑISTAS-SOCORRISTAS,CRUZ ROJA ESPAÑOLA,"Estar en posesión de la titulación del certificado profesional de socorrismo e nESPACIOS ACUATICOS NATURALES o técnico deportivo en salvamento o socorrismo O ESTAR HABILITADO PARA LA OCUPACION JORNADA COMPLETA - INDEFINIDO - DE LUNES A DOMINGOS TURNOS ROTATIVOS DE 11:00 A 18:30 EN PLAYA DE YAIZA, PLAYA BLANCA",,,,,,2026-04-09T09:38:00,,Las Palmas,YAIZA,LANZAROTE,YAIZA / LANZAROTE,LABORAL INDEFINIDO,,,2,https://www.gobiernodecanarias.org/empleo/sce/principal/areas_tematicas/empleo/demanda_y_ofertas_de_empleo/buscador_ofertas_empleo.html?cod_buscar=000776&is_open=true,2026-04-09T12:13:34.880701+00:00
sce,05.2026.002349,MECÁNICOS DE MANTENIMIENTO INDUSTRIAL,"ILUNION LAVANDERIAS DE CANARIAS, S.A.","OFERTA SOLO PARA PERSONAS CON DISCAPACIDAD ubicacion: POLIGONO DE GÜIMAR - LA CANDELARIA Requisitos: - Ciclo formativo o grado superior FP en mantenimiento industrial, instalaciones electromecánicas, electricidad, mecánica, mecatrónica, electrónica, o similar. - Acreditar experiencia en mantenimiento industrial. Deseable de 1 a 3 años mínimo. Tomar e introducir la lectura de contadores en el programa informático correspondiente. Cumplimentar el parte de trabajo, donde se reflejan las tareas efectuadas, Registrar las tareas y actividades realizadas, en el programa de mantenimiento PRISMA. - Realizar las tareas de mantenimiento preventivo y correctivo en centros externos. Limpiar diariamente la maquinaria e instalaciones aledañas. Apertura y cierre de la planta. Arrancar toda la maquinaria. Encender las calderas. Encender las bombas de agua y compresores. Puesta en marcha de las máquinas. .",,,,,,2026-04-09T09:36:00,,Santa Cruz de Tenerife,CANDELARIA,TENERIFE,CANDELARIA / TENERIFE,LABORAL INDEFINIDO,,,1,https://www.gobiernodecanarias.org/empleo/sce/principal/areas_tematicas/empleo/demanda_y_ofertas_de_empleo/buscador_ofertas_empleo.html?cod_buscar=002349&is_open=true,2026-04-09T12:13:34.880499+00:00
sce,05.2026.002427,LIMPIADORES-MANTENEDORES DE PISCINAS,"GESTION INSULAR PARA EL DEPORTE, LA CULTURA Y EL OCIO S",Limpiador- Mantenedor de Piscinas. Imprescindible titulación.,,,,,,2026-04-09T09:23:00,,Santa Cruz de Tenerife,SAN CRISTOBAL DE LA LAGUNA,TENERIFE,SAN CRISTOBAL DE LA LAGUNA / TENERIFE,LABORAL TEMPORAL,,,1,https://www.gobiernodecanarias.org/empleo/sce/principal/areas_tematicas/empleo/demanda_y_ofertas_de_empleo/buscador_ofertas_empleo.html?cod_buscar=002427&is_open=true,2026-04-09T12:13:34.880248+00:00
sce,05.2026.002763,"CONSERJES, EN GENERAL",PUNTO ZERO CENTROS DE OCIO SA,"* Oferta exclusiva para discapacitados* . Auxiliar de parking en parque de atracciones en Maspalomas. Tareas de supervisión el control de accesos, el tráfico de vehículos y el cumplimiento del aforo en el recinto. Ofrecer atención y auxilio directo al cliente, resolver dudas sobre las tarifas y ayudar en el funcionamiento de los cajeros. Realizar rondas de vigilancia. Cto indefinido a 30 horas semanales,turnos rotativos. Salario bruto mes 1.210€.",1200,1200,,EUR,,2026-04-09T08:41:00,,Las Palmas,SAN BARTOLOMÉ DE TIRAJANA,GRAN CANARIA,SAN BARTOLOMÉ DE TIRAJANA / GRAN CANARIA,LABORAL INDEFINIDO,,,1,https://www.gobiernodecanarias.org/empleo/sce/principal/areas_tematicas/empleo/demanda_y_ofertas_de_empleo/buscador_ofertas_empleo.html?cod_buscar=002763&is_open=true,2026-04-09T12:13:34.880064+00:00
sce,05.2026.002708,ELECTRÓNICOS DE MANTENIMIENTO Y REPARACIÓN DE SISTEMAS DE SEGURIDAD,JS FEUER SL,"Empresa de instalación y mantenimiento de SISTEMAS DE PROTECCIÓN CONTRA INCENDIOS ubicada en Tenerife, busca TÉCNICO DE MANTENIMIENTO DE SISTEMAS PCI: Detección de gas; Extintores, etc. FUNCIONES: Desarrollar y/o supervisar mantenimientos de protección contra incendios, check-list, informes de mantenimiento. VALORABLE con PRL, trabajos en altura, conoc. fontanería y electricidad, etc.",,,,,,2026-04-09T08:30:00,,Santa Cruz de Tenerife,LA VICTORIA DE ACENTEJO,TENERIFE,LA VICTORIA DE ACENTEJO / TENERIFE,LABORAL INDEFINIDO,,,1,https://www.gobiernodecanarias.org/empleo/sce/principal/areas_tematicas/empleo/demanda_y_ofertas_de_empleo/buscador_ofertas_empleo.html?cod_buscar=002708&is_open=true,2026-04-09T12:13:34.879811+00:00
sce,05.2026.002760,TÉCNICOS DE MANTENIMIENTO DE EQUIPOS ELECTROMECÁNICOS,LAVANDERIAS MECANICAS CRISOL SL,"EMPRESA DEL SECTOR DE LAVANDERIAS NECESITA INCORPORAR TECNICOS DE MANTENIMIENTO/OFICIALES DE MANTENIMIENTO CON FORMACION EN MANTENIMIENTO INDUSTRIAL, INSTALACIONES ELECTROMECANICAS, ELECTRICIDAD, MECANICA, MECATRONICA Ó ELECTRONICA. EXPERIENCIA EN MANTENIMIENTO INDUSTRIAL. DISPONIBILIDAD PARA TRABAJAR A TURNOS. CONTRATO INDEFINIDO.JORNADA COMPLETA. FORMACION CONTINUA. PLAN DE CARRERA.",,,,,,2026-04-08T14:55:00,,Las Palmas,TELDE,GRAN CANARIA,TELDE / GRAN CANARIA,LABORAL INDEFINIDO,,,1,https://www.gobiernodecanarias.org/empleo/sce/principal/areas_tematicas/empleo/demanda_y_ofertas_de_empleo/buscador_ofertas_empleo.html?cod_buscar=002760&is_open=true,2026-04-09T12:13:34.879593+00:00
sce,05.2026.001955,"SOLDADORES POR ARCO ELÉCTRICO, EN GENERAL",PEREZ SANCHEZ MONTSERRAT,,,,,,,2026-04-08T14:28:00,,Santa Cruz de Tenerife,FRONTERA,EL HIERRO,FRONTERA / EL HIERRO,LABORAL INDEFINIDO,,,1,https://www.gobiernodecanarias.org/empleo/sce/principal/areas_tematicas/empleo/demanda_y_ofertas_de_empleo/buscador_ofertas_empleo.html?cod_buscar=001955&is_open=true,2026-04-09T12:13:34.879379+00:00
sce,05.2026.002759,CERRAJEROS,CRISTALERIA ARONA S.L.,"Cristalería busca cerrajero con conocimientos en carpinteria metálica. Contrato indefinido, jornada completa, horario de lunes a viernes de mañana.",,,,,,2026-04-08T14:24:00,,Santa Cruz de Tenerife,ARONA,TENERIFE,ARONA / TENERIFE,LABORAL INDEFINIDO,,08:00 a 16:00,1,https://www.gobiernodecanarias.org/empleo/sce/principal/areas_tematicas/empleo/demanda_y_ofertas_de_empleo/buscador_ofertas_empleo.html?cod_buscar=002759&is_open=true,2026-04-09T12:13:34.879197+00:00
sce,05.2026.002753,EDUCADORES SOCIALES,ASOC SOLIDARIA MUNDO NUEVO,"Educador social para Centro de Menores en Puerto del Rosario. Fuerteventura. Imprescindible titulación de Educación Social y vehiculo propio. Contrato indefinido. Jornada completa. Turnos rotativos, mañana y tarde.",,,,,,2026-04-08T13:38:00,,Las Palmas,PUERTO DEL ROSARIO,FUERTEVENTURA,PUERTO DEL ROSARIO / FUERTEVENTURA,LABORAL TEMPORAL,,,1,https://www.gobiernodecanarias.org/empleo/sce/principal/areas_tematicas/empleo/demanda_y_ofertas_de_empleo/buscador_ofertas_empleo.html?cod_buscar=002753&is_open=true,2026-04-09T12:13:34.879013+00:00
sce,05.2026.000265,MECÁNICOS-AJUSTADORES DE MOTOCICLETAS Y CICLOMOTORES,"FUERTE EXPERIENCE, S.L.U",,,,,,,2026-04-08T13:37:00,,Las Palmas,PUERTO DEL ROSARIO,FUERTEVENTURA,PUERTO DEL ROSARIO / FUERTEVENTURA,LABORAL INDEFINIDO,,,1,https://www.gobiernodecanarias.org/empleo/sce/principal/areas_tematicas/empleo/demanda_y_ofertas_de_empleo/buscador_ofertas_empleo.html?cod_buscar=000265&is_open=true,2026-04-09T12:13:34.878818+00:00
sce,05.2026.002749,"CONDUCTORES DE CAMIÓN, EN GENERAL","DISMAREX ISLAS CANARIAS, SOCIEDAD LIMITADA","Oferta de Conductor de camión para empresa distribuidora de bebidas alcohólicas y agua. Imprescindible CAP y tarjeta de tacógrafo. Contrato para sustitución por tiempo indeterminado. Jornada completa, de lunes a viernes, de 06:00-14:00 h. Ubicación del puesto: Agüimes.",,,,,,2026-04-08T13:25:00,,Las Palmas,AGÜIMES,GRAN CANARIA,AGÜIMES / GRAN CANARIA,LABORAL TEMPORAL,,06:00-14:00,1,https://www.gobiernodecanarias.org/empleo/sce/principal/areas_tematicas/empleo/demanda_y_ofertas_de_empleo/buscador_ofertas_empleo.html?cod_buscar=002749&is_open=true,2026-04-09T12:13:34.878639+00:00
sce,05.2026.002739,TÉCNICOS EN SERVICIOS POSVENTA,DOMINGO ALONSO TENERIFE S.L.U.,Oferta dirigida a personas con discapacidad. Para departamento Postventa en sector automoción.,2040,2040,,EUR,,2026-04-08T13:22:00,,Santa Cruz de Tenerife,SAN CRISTOBAL DE LA LAGUNA,TENERIFE,SAN CRISTOBAL DE LA LAGUNA / TENERIFE,LABORAL INDEFINIDO,,de 8 a 16 h,1,https://www.gobiernodecanarias.org/empleo/sce/principal/areas_tematicas/empleo/demanda_y_ofertas_de_empleo/buscador_ofertas_empleo.html?cod_buscar=002739&is_open=true,2026-04-09T12:13:34.878433+00:00
sce,05.2026.002748,ASISTENTES DOMICILIARIOS,"ISLASITENCIA, S.L.",,,,,,,2026-04-08T13:07:00,,Las Palmas,LAS PALMAS DE GRAN CANARIA,GRAN CANARIA,LAS PALMAS DE GRAN CANARIA / GRAN CANARIA,LABORAL INDEFINIDO,,partido,1,https://www.gobiernodecanarias.org/empleo/sce/principal/areas_tematicas/empleo/demanda_y_ofertas_de_empleo/buscador_ofertas_empleo.html?cod_buscar=002748&is_open=true,2026-04-09T12:13:34.878243+00:00
sce,05.2026.002740,TRABAJADORES SOCIALES,FUNDACION CANARIA SAGRADA FAMILIA,"Se busca Trabajador/a Social para atención a personas en situación de dependencia y/o discapacidad REQUISITOS Grado/Diplomatura en Trabajo Social, 1 año de experiencia (informes sociales y colectivos vulnerables) Colegiado manejo de Office y herramientas en la nube, Carnet de conducir y vehículo propio. HORARIO L-V de 08:00 a 15:00, SALARIO 1.414,38 € x 14 pagas Incorporación inmediata",1414,1414,,EUR,,2026-04-08T12:59:00,,Las Palmas,GÁLDAR,GRAN CANARIA,GÁLDAR / GRAN CANARIA,LABORAL TEMPORAL,,DE 8 A 3 DE LUNES A VIER,1,https://www.gobiernodecanarias.org/empleo/sce/principal/areas_tematicas/empleo/demanda_y_ofertas_de_empleo/buscador_ofertas_empleo.html?cod_buscar=002740&is_open=true,2026-04-09T12:13:34.878063+00:00
sce,05.2026.002741,TÉCNICOS EN INTEGRACIÓN SOCIAL,"OSVENTOS INNOVACION EN SERVIZOS , S.L.","SE PRECISA personal para el proyecto: Verano Sin Barreras, promovido por el Cabildo Insular de La Palma. Se trata de un servicio destinado a personas con necesidades especiales, incluyendo discapacidad física, psíquica y orgánica. PUNTOS DONDE SE REALIZA EL SERVICIO: las playas de Bajamar y Puerto de Naos, y la piscina Municipal de Puntagorda. La jornada será de lunes a viernes en horario es de 9:00h a 13:00h aproximadamente",,,,,,2026-04-08T12:45:00,,Santa Cruz de Tenerife,LOS LLANOS DE ARIDANE,LA PALMA,LOS LLANOS DE ARIDANE / LA PALMA,LABORAL TEMPORAL,,,3,https://www.gobiernodecanarias.org/empleo/sce/principal/areas_tematicas/empleo/demanda_y_ofertas_de_empleo/buscador_ofertas_empleo.html?cod_buscar=002741&is_open=true,2026-04-09T12:13:34.877746+00:00
sce,05.2026.002742,MONITORES DE EDUCACIÓN Y TIEMPO LIBRE,"OSVENTOS INNOVACION EN SERVIZOS , S.L.","SE PRECISA personal para el proyecto: Verano Sin Barreras, promovido por el Cabildo Insular de La Palma. Se trata de un servicio destinado a personas con necesidades especiales, incluyendo discapacidad física, psíquica y orgánica. PUNTOS DONDE SE REALIZA EL SERVICIO: las playas de Bajamar y Puerto de Naos, y la piscina Municipal de Puntagorda. La jornada será de lunes a viernes en horario es de 9:00h a 13:00h aproximadamente",,,,,,2026-04-08T12:42:00,,Santa Cruz de Tenerife,LOS LLANOS DE ARIDANE,LA PALMA,LOS LLANOS DE ARIDANE / LA PALMA,LABORAL TEMPORAL,,,3,https://www.gobiernodecanarias.org/empleo/sce/principal/areas_tematicas/empleo/demanda_y_ofertas_de_empleo/buscador_ofertas_empleo.html?cod_buscar=002742&is_open=true,2026-04-09T12:13:34.877324+00:00
sce,05.2026.002533,ASISTENTES DOMICILIARIOS,ALEMAN PONCE JOSE MIGUEL,"Se solicitan Auxiliares de Ayuda a Domicilio para Las Palmas, Telde, Carrizal, Ingenio y Vecindario. Contrato indefinido/Jornada completa. Se requiere formación de Auxiliar de Enfermería ó en Atención Sociosanitaria para Personas Dependientes en Instituciones Sociales. Imprescindible vehículo propio.",,,,,,2026-04-08T12:42:00,,Las Palmas,TELDE,GRAN CANARIA,TELDE / GRAN CANARIA,LABORAL INDEFINIDO,,,5,https://www.gobiernodecanarias.org/empleo/sce/principal/areas_tematicas/empleo/demanda_y_ofertas_de_empleo/buscador_ofertas_empleo.html?cod_buscar=002533&is_open=true,2026-04-09T12:13:34.877529+00:00
indeed,c20b651b054398de,SÚMATE A NUESTRA TRIPULACIÓN,Fred. Olsen Express,,,,,,,,,Santa Cruz de Tenerife provincia,Santa Cruz de Tenerife,,"Santa Cruz de Tenerife, Santa Cruz de Tenerife provincia",,,,,https://es.indeed.com/viewjob?jk=c20b651b054398de,2026-04-09T12:13:48.378777+00:00
indeed,1a5fa7096ef5526a,Auxiliar administrativo/a,domestiko.com,"Se necesita auxiliar administrativo/a para la provincia de Santa Cruz de Tenerife. Las responsabilidades principales del puesto incluyen la emisión y revisión de facturas relacionadas con servicios aduaneros y logísticos. También se encargará de controlar y validar los costes y tarifas de cada operación, así como de gestionar los cobros y vencimientos. La persona seleccionada deberá organizar y archivar la documentación de los expedientes y atender las consultas de clientes. Será fundamental la coordinación de información con otros departamentos de la empresa. El horario de trabajo será a jornada completa, con una dedicación semanal de 40 horas, distribuidas de lunes a viernes. Los turnos serán de mañanas, comprendiendo el horario entre las 08:00 y las 16:00 horas, con los descansos legales correspondientes. Experiencia mínima de 1 año en un puesto de trabajo igual o similar al descrito. Buscamos a una persona proactiva y dinámica. Valorable residencia cercana al puesto de trabajo. GS en administración y finanzas o similar.",,,,,,,,Santa Cruz de Tenerife provincia,Santa Cruz de Tenerife,,"Santa Cruz de Tenerife, Santa Cruz de Tenerife provincia",Jornada completa,,"Turno de mañana, De lunes a viernes",,https://es.indeed.com/viewjob?jk=1a5fa7096ef5526a,2026-04-09T12:13:52.366418+00:00
indeed,bf7a9b15e37c6787,Personal de aeropuerto SPC,Aviapartner,"En Aviapartner estamos buscando personal para el aeropuerto de La Palma. Somos uno de los principales proveedores independientes de servicios de asistencia en tierra de Europa, dando servicio en más de 70 aeropuertos de diferentes países. ¿Te gustaría formar parte de nuestra empresa? Se trata de una oportunidad apasionante para contribuir a nuestro entorno de trabajo, dinámico y colaborativo, y crecer profesionalmente dentro de la empresa. Serás, junto con tú equipo, responsable de la correcta ejecución de las tareas diarias. Tenemos tres posiciones. 1. Agente de rampa, tus funciones serán: Recarga de batería Puesta y retirada de calzos Carga y descarga de equipajes en aviones Carreteo de equipaje Colocación y retirada de escalera Repostaje y limpieza de vehículos Funciones propias de conductor/a de vehículos de tracción mecánica 2. Agente de pasaje , tus funciones serán: Preparación y sellado de vuelos Control de vuelos Facturación de pasajeros y equipajes Reclamación de equipajes perdidos Embarque de vuelo Tareas de documentación y atención al público en mostrador Tratamiento y elaboración de la documentación de vuelos Para la vacante de Rampa se dará prioridad a aquellos/as que tengan el permiso de conducir. Para agente de operaciones se require buen nivel de inglés B1/B2 .",,,,,,,,Santa Cruz de Tenerife provincia,La Palma,,"La Palma, Santa Cruz de Tenerife provincia",Contrato temporal,,,,https://es.indeed.com/viewjob?jk=bf7a9b15e37c6787,2026-04-09T12:13:56.572833+00:00
indeed,15d7b13ebef21ed5,Auxiliar Administrativo/a con experiencia,domestiko.com,"Buscamos una persona para realizar tareas administrativas en San Cristóbal de La Laguna. Se valorará tener formación profesional de Grado Medio o Superior, Bachillerato, COU, o estudios equivalentes que permitan desempeñar las funciones del puesto. Es necesario tener soltura con ofimática a nivel de usuario y/o programas de gestión. Se valorará tener experiencia previa de al menos un año en un puesto similar. Las responsabilidades incluirán la actualización, registro y almacenamiento de datos, así como fotocopias y archivo de documentos. También se encargará del tratamiento de textos, atención telefónica, gestión del correo postal y electrónico, resolución de incidencias y elaboración de informes. Se ofrece una jornada laboral completa, con horario de lunes a viernes de 8:00 a 15:45. El tipo de contrato será indefinido.",,,,,,,,Santa Cruz de Tenerife provincia,San Cristóbal de La Laguna,,"San Cristóbal de La Laguna, Santa Cruz de Tenerife provincia",Contrato indefinido,,De lunes a viernes,,https://es.indeed.com/viewjob?jk=15d7b13ebef21ed5,2026-04-09T12:14:00.290932+00:00
indeed,0dcb4dc9134684d5,Auxiliar administrativo/a,Comercial Redecan,"Auxiliar administrativo/a – Santa Cruz de Tenerife Se busca auxiliar administrativo/a para incorporación en empresa del sector de maquinas recreativas. Funciones principales: Atención telefónica y gestión de comunicaciones. Gestión administrativa general: facturación, control de cobros y pagos, archivo y organización documental. Confección de documentos, contratos y escritos. Recogida, registro y control de datos. Apoyo al equipo operativo y de dirección en tareas administrativas diarias. Requisitos: Formación relacionada con el puesto. Experiencia previa en funciones administrativas. Buen manejo de herramientas ofimáticas (Excel, Word, correo electrónico). Persona organizada, responsable y con buena capacidad de comunicación. Atención al detalle. Buena actitud, proactividad y ganas de aprender/mejorar. Ubicación: Santa Cruz de Tenerife Horario: Jornada completa, de lunes a viernes, de 8:30 a 16:30h. Se ofrece incorporación estable en un entorno de trabajo dinámico y con buen ambiente laboral. Incorporación inmediata. Si te interesa esta oferta, contáctanos ¡Te esperamos! Tipo de puesto: Jornada completa Ubicación del trabajo: Empleo presencial",,,,,,,,Santa Cruz de Tenerife provincia,38111 Santa Cruz de Tenerife,,"38111 Santa Cruz de Tenerife, Santa Cruz de Tenerife provincia",Jornada completa,,De lunes a viernes,,https://es.indeed.com/viewjob?jk=0dcb4dc9134684d5,2026-04-09T12:14:04.119113+00:00
indeed,ba3d07656de18843,Déjanos tu currículum-. H10 Ocean Dunas,H10 Hotels,,,,,,,,,Las Palmas provincia,La Oliva,,"La Oliva, Las Palmas provincia",,,,,https://es.indeed.com/viewjob?jk=ba3d07656de18843,2026-04-09T12:14:06.466103+00:00
indeed,5a06a3cca9076fd0,Ayudante Administrativo,Plant Chem Srl Unipersonale,"Responsabilidades principales: Organización y coordinación de los procesos administrativos en la oficina. Mantenimiento de registros: preparación, registro, almacenamiento y envío de documentos. Recepción y distribución de la correspondencia entrante y saliente (llamadas telefónicas, correos electrónicos, correo postal). Planificación y organización de reuniones, conferencias, viajes de negocios y eventos. Tipo de puesto: Jornada completa, Media jornada Beneficios: Seguro dental Seguro médico privado Ubicación del trabajo: Empleo presencial",,,,,,,,Las Palmas provincia,Mogán,,"Mogán, Las Palmas provincia",Media jornada,,,,https://es.indeed.com/viewjob?jk=5a06a3cca9076fd0,2026-04-09T12:14:09.474543+00:00
indeed,028fcb3efc391ebb,Agente de Pasaje,Jet2.com and Jet2holidays,"Fuerteventura fijo discontinuo 20 Hours Pais SPAIN What you will be doing... ¿Te apasiona ayudar a las personas y ofrecer un servicio excepcional? Únete a nuestro equipo de Jet2.com & Jet2Holidays en Fuerteventura como agente de pasaje Haz clic en el enlace para obtener más información sobre el puesto: Passenger Service Agent - Overseas on Vimeo ¿Qué ofrecemos? 21,094.00 € anuales (prorrateados) + pluses adicionales por transporte, turnos tempranos, fines de semana y festivos Contrato fijo discontinuo a tiempo parcial de 20 horas semanales , con posibilidad de aumentar las horas según las necesidades operativas 45 días de vacaciones (prorrateados) Uniforme gratuito , formación remunerada, seguro de vida y descuentos en comercios Descuentos en vuelos de Jet2.com y en vacaciones de Jet2holidays Bonus por recomendar a un amigo ¿Qué buscamos? Capacidad para trabajar en equipo Fluidez en español y nivel intermedio/alto de inglés Actitud flexible y positiva Capacidad para ofrecer un excelente servicio al cliente en un entorno dinámico Habilidad para desenvolverse eficazmente en situaciones exigentes , como retrasos de vuelos e incidencias ¿Qué harás en el puesto? Crear recuerdos - Garantizar la prestación de un servicio al cliente excepcional que satisfaga las necesidades de nuestros clientes y promueva los valores de nuestra marca Estar presente - Recibir a nuestros clientes en la zona de llegadas al inicio de sus vacaciones para crear una gran primera impresión, proporcionando un servicio amable y eficiente de facturación y embarque a los clientes que parten, ofreciendo asesoramiento útil en el mostrador de ventas y estando presente a lo largo de su estancia en el aeropuerto Asumir responsabilidades - Asegurarse de que se implementan y cumplen las políticas y procedimientos de Jet2.com . Garantizar que se mantienen los estándares de calidad y que siempre se practican medidas seguras. Ser responsable de los informes de seguridad mediante el sistema de la empresa (The Hub). Trabajar en equipo - Colaborar con compañeros internos y socios, incluidos los compañeros de operaciones terrestres, proveedores externos y nuestros equipos de tripulación de vuelo y cabina, para garantizar la mejor experiencia al cliente. ¿Listo para despegar? ¡Solicita tu puesto hoy! Division Jet2.com Careers With Us Airline Careers Dept At the Airport Careers Team Customer Facing at the Airport Equipo Agente de atención al pasajero España",""" class=""js-match-insights-provider-1i8duct e37uo190"">",,,EUR,,,,Las Palmas provincia,Fuerteventura,,"Fuerteventura, Las Palmas provincia",Contrato fijo discontinuo,,"Disponibilidad fin de semana, Todos los fines de semana, Festivos",,https://es.indeed.com/viewjob?jk=028fcb3efc391ebb,2026-04-09T12:14:13.904204+00:00
indeed,6bebde6a832844bb,Personal de aeropuerto TFS,Aviapartner,"En Aviapartner estamos buscando personal para el aeropuerto de Reina Sofía en Tenerife Sur. Somos uno de los principales proveedores independientes de servicios de asistencia en tierra de Europa, dando servicio en más de 70 aeropuertos de diferentes países. ¿Te gustaría formar parte de nuestra empresa? Se trata de una oportunidad apasionante para contribuir a nuestro entorno de trabajo, dinámico y colaborativo, y crecer profesionalmente dentro de la empresa. Serás, junto con tú equipo, responsable de la correcta ejecución de las tareas diarias. Tenemos tres posiciones. 1. Agente de rampa, tus funciones serán: Recarga de batería Puesta y retirada de calzos Carga y descarga de equipajes en aviones Carreteo de equipaje Colocación y retirada de escalera Repostaje y limpieza de vehículos Funciones propias de conductor/a de vehículos de tracción mecánica 2. Agente de pasaje, tus funciones serán: Preparación y sellado de vuelos Control de vuelos Facturación de pasajeros y equipajes Reclamación de equipajes perdidos Embarque de vuelo Tareas de documentación y atención al público en mostrador Tratamiento y elaboración de la documentación de vuelos 3. Agente de operaciones, tus funciones serán: Coordinación de las operaciones de puesta en marcha y remolque de las aeronaves Enlace emisora tierra-aire Elaboración de hojas de carga Comunicación con las aeronaves y medir tiempos Atención y ayuda a las tripulaciones técnicas Despacho de vuelos Enganchar y soltar la barra del push-back Para la vacante de Operaciones, es necesario estar en posesión del permiso de conducir. Para la vacante de Rampa se dará prioridad a aquellos/as que tengan el permiso de conducir. Para las vacantes de Pasaje y Operaciones, es necesario tener un nivel B1/B2 de inglés.",,,,,,,,Santa Cruz de Tenerife provincia,Tenerife,,"Tenerife, Santa Cruz de Tenerife provincia",Contrato temporal,,,,https://es.indeed.com/viewjob?jk=6bebde6a832844bb,2026-04-09T12:14:17.816956+00:00
indeed,26d76a3ef85a205a,Administrativo/a de logística,domestiko.com,"Para una empresa destacada en el sector logístico, ubicada en Santa Cruz de Tenerife, se busca un/a Administrativo/a de Logística. El perfil ideal es una persona organizada y resolutiva, con experiencia previa en logística, que desee unirse a un proyecto a largo plazo en una compañía sólida y de gran reputación. Las responsabilidades principales incluirán el control de contenedores, la gestión de solicitudes de servicio y su seguimiento, la coordinación de rutas de transporte tanto propias como externas, y la resolución de incidencias diarias. También se encargará del registro y la gestión de toda la documentación generada en la actividad, incluyendo la relativa a Coordinación de Actividades Empresariales y Prevención de Riesgos Laborales. Se ofrece un contrato indefinido con incorporación a una empresa líder, reconocida por su buen ambiente laboral y el apoyo a sus empleados. El horario es de lunes a jueves de 08:00 a 16:30 y los viernes de 08:00 a 14:00, favoreciendo la conciliación. El salario bruto anual se sitúa entre 21.000 € y 23.000 €, dependiendo de la experiencia. Se brindan oportunidades de desarrollo profesional y un ambiente de trabajo colaborativo. Motivación y ganas de trabajar.","bruto anual se sitúa entre 21.000 € y 23.000 €, dependiendo de la experiencia. Se brindan oportunidades de desarrollo profesional y un ambiente de trabajo colaborativo.",,,EUR,,,,Santa Cruz de Tenerife provincia,Santa Cruz de Tenerife,,"Santa Cruz de Tenerife, Santa Cruz de Tenerife provincia",Contrato indefinido,,,,https://es.indeed.com/viewjob?jk=26d76a3ef85a205a,2026-04-09T12:14:21.396433+00:00
indeed,ecc395f97b86be02,Encargado/a de Tienda - Albacete,Mr. Blue,"Mr. Blue , fundada en 2005, es una marca de moda masculina dirigida a aquellos que disfrutan de un estilo de vida sofisticado. Actualmente, estamos presentes en el mercado portugués y español (con más de 60 tiendas). ¡Buscamos un/a Encargado/a de Tienda para reforzar nuestro equipo en Albacete! Buscamos candidatos que sean auténticos embajadores de la marca, capaces de ofrecer una experiencia de compra única y fidelizar a nuestros clientes. Valoramos especialmente personas carismáticas y con un fuerte sentido de la responsabilidad. Si te apasiona la moda, tienes una gran orientación al cliente y buscas un ambiente de trabajo dinámico y profesional, ¡esta es tu oportunidad! ¡Te esperamos para juntos construir el futuro de Mr. Blue!",,,,,,,,Las Palmas,La Mancha Blanca,,La Mancha Blanca,,,,,https://es.indeed.com/viewjob?jk=ecc395f97b86be02,2026-04-09T12:14:27.535286+00:00
indeed,5bb169a540dd2e32,Déjanos tu currículum-. H10 Timanfaya Palace,H10 Hotels,"Descripción: Si estás interesado/a en trabajar en H10 Timanfaya Palace y formar parte de nuestro equipo no dudes en dejar tu candidatura para que podamos valorar su perfil. Nuestros valores como compañía son: el Respeto, el entusiasmo, honestidad, creatividad y responsabilidad. En H10 Hotels estamos buscando gente como tú, para que nos ayude a crear un buen grupo de trabajo.",,,,,,,,Las Palmas provincia,Yaiza,,"Yaiza, Las Palmas provincia",Jornada completa,,,,https://es.indeed.com/viewjob?jk=5bb169a540dd2e32,2026-04-09T12:14:33.042507+00:00
indeed,60aad65a0aba4930,Administrativo de gestion hotelera,domestiko.com,"Se busca profesional para la gestión administrativa en el sector hotelero en San Bartolomé de Tirajana. Las responsabilidades principales incluirán la gestión de reservas de apartamentos, la tramitación de contrataciones y las labores de comercialización. Se ofrece un contrato indefinido a jornada completa. La remuneración salarial se sitúa entre 21.800 y 25.000 euros brutos anuales, en función de la experiencia y valía del candidato. Este puesto requiere una persona organizada y con capacidad para coordinar las diferentes áreas de operación de los alojamientos turísticos, asegurando un servicio eficiente y una buena experiencia para los clientes.",""" class=""js-match-insights-provider-1i8duct e37uo190"">",,,EUR,,,,Las Palmas provincia,San Bartolomé de Tirajana,,"San Bartolomé de Tirajana, Las Palmas provincia",Contrato indefinido,,,,https://es.indeed.com/viewjob?jk=60aad65a0aba4930,2026-04-09T12:14:37.113137+00:00
indeed,7cbe6e0b109a0112,DEPENDIENTE/A TENERIFE CASTILLO 20H ROTATIVAS,Mango,,,,,,,,,Santa Cruz de Tenerife provincia,38003 Santa Cruz de Tenerife,,"38003 Santa Cruz de Tenerife, Santa Cruz de Tenerife provincia",,,,,https://es.indeed.com/viewjob?jk=7cbe6e0b109a0112,2026-04-09T12:14:40.464931+00:00
indeed,82f095dd60cdb1e0,Administrativo/a de atención al cliente para centro deportivo,domestiko.com,"Se busca personal administrativo con enfoque en atención al cliente para un centro deportivo en Las Palmas de Gran Canaria. Se valorará poseer un Ciclo Formativo de Grado Superior relacionado con Administración de Empresas. Es fundamental un buen manejo de herramientas ofimáticas a nivel usuario. Asimismo, se considera un punto a favor contar con experiencia previa en puestos de funciones administrativas y de cara al público. Las responsabilidades principales incluirán la atención a clientes, tanto empresas como particulares, la gestión de bases de datos, la elaboración de informes y el soporte a otros departamentos. También se encargará de la gestión documental, el seguimiento de casos y la resolución de incidencias, apoyando en la coordinación general.",,,,,,,,Las Palmas provincia,Gran Canaria,,"Gran Canaria, Las Palmas provincia",,,,,https://es.indeed.com/viewjob?jk=82f095dd60cdb1e0,2026-04-09T12:14:44.581137+00:00
